MPI Processes,Nodes,Processes per Node,OpenMP Threads per process,Floating Point Ops,Distribution Time,SpMV Time,SpMV with Reduction Time,Total Time, ,Best Distribution Time,Best SpMV Time,Best SpMV with Reduction Time,Best Total Time,Best GFlops,,Worst Distribution Time,Worst SpMV Time,Worst SpMV with Reduction Time,Worst Total Time,Worst GFlops, ,Avg Distribution Time,Avg SpMV Time,Avg SpMV with Reduction Time,Avg Total Time,Avg GFlops
1, ,1,1,28715634,25.690300,0.027225,0.027225,25.717700, ,13.014300,0.026763,0.026763,25.717700,2.145944, ,25.690300,0.027542,0.027542,25.717700,2.085225, ,13.737990,0.027072,0.027072,13.765190,2.121430
 , , , , ,13.283800,0.027542,0.027542,13.311400 , , , , , , , , , , , , , , , , , 
 , , , , ,13.241500,0.027503,0.027503,13.269200 , , , , , , , , , , , , , , , , , 
 , , , , ,13.088500,0.026807,0.026807,13.115500 , , , , , , , , , , , , , , , , , 
 , , , , ,13.095300,0.026799,0.026799,13.122200 , , , , , , , , , , , , , , , , , 
 , , , , ,13.129900,0.026802,0.026802,13.156800 , , , , , , , , , , , , , , , , , 
 , , , , ,13.092800,0.026817,0.026817,13.119700 , , , , , , , , , , , , , , , , , 
 , , , , ,13.079600,0.026763,0.026763,13.106500 , , , , , , , , , , , , , , , , , 
 , , , , ,13.124900,0.026841,0.026841,13.151900 , , , , , , , , , , , , , , , , , 
 , , , , ,13.014300,0.026899,0.026899,13.041300 , , , , , , , , , , , , , , , , , 
 , , , , ,13.073300,0.026826,0.026826,13.100200 , , , , , , , , , , , , , , , , , 
 , , , , ,13.017800,0.026785,0.026785,13.044700 , , , , , , , , , , , , , , , , , 
 , , , , ,13.076200,0.026818,0.026818,13.103200 , , , , , , , , , , , , , , , , , 
 , , , , ,13.114500,0.026828,0.026828,13.141500 , , , , , , , , , , , , , , , , , 
 , , , , ,13.167700,0.027539,0.027539,13.195400 , , , , , , , , , , , , , , , , , 
 , , , , ,13.049500,0.026921,0.026921,13.076500 , , , , , , , , , , , , , , , , , 
 , , , , ,13.263200,0.027398,0.027398,13.290800 , , , , , , , , , , , , , , , , , 
 , , , , ,13.250800,0.027524,0.027524,13.278400 , , , , , , , , , , , , , , , , , 
 , , , , ,13.256600,0.027340,0.027340,13.284000 , , , , , , , , , , , , , , , , , 
 , , , , ,13.162200,0.027270,0.027270,13.189600 , , , , , , , , , , , , , , , , , 
 , , , , ,13.225100,0.027264,0.027264,13.252500 , , , , , , , , , , , , , , , , , 
 , , , , , , , , , , , , 
 , , , , , , , , , , , , 
MPI Processes,Nodes,Processes per Node,OpenMP Threads per process,Floating Point Ops,Distribution Time,SpMV Time,SpMV with Reduction Time,Total Time, ,Best Distribution Time,Best SpMV Time,Best SpMV with Reduction Time,Best Total Time,Best GFlops,,Worst Distribution Time,Worst SpMV Time,Worst SpMV with Reduction Time,Worst Total Time,Worst GFlops, ,Avg Distribution Time,Avg SpMV Time,Avg SpMV with Reduction Time,Avg Total Time,Avg GFlops
1, ,1,2,28715634,13.268300,0.016205,0.016205,13.284700, ,13.034000,0.015626,0.015626,13.284700,3.675366, ,14.501000,0.016373,0.016373,14.517500,3.507789, ,13.248324,0.016032,0.016032,13.264495,3.582234
 , , , , ,13.080000,0.015706,0.015706,13.095800 , , , , , , , , , , , , , , , , , 
 , , , , ,13.190400,0.016320,0.016320,13.206900 , , , , , , , , , , , , , , , , , 
 , , , , ,13.157000,0.015787,0.015787,13.173000 , , , , , , , , , , , , , , , , , 
 , , , , ,13.147100,0.015925,0.015925,13.163200 , , , , , , , , , , , , , , , , , 
 , , , , ,13.284000,0.016359,0.016359,13.300500 , , , , , , , , , , , , , , , , , 
 , , , , ,13.097200,0.015772,0.015772,13.113100 , , , , , , , , , , , , , , , , , 
 , , , , ,13.162900,0.015772,0.015772,13.178800 , , , , , , , , , , , , , , , , , 
 , , , , ,13.591800,0.016089,0.016089,13.608000 , , , , , , , , , , , , , , , , , 
 , , , , ,13.034000,0.015711,0.015711,13.049800 , , , , , , , , , , , , , , , , , 
 , , , , ,13.183000,0.016132,0.016132,13.199300 , , , , , , , , , , , , , , , , , 
 , , , , ,14.501000,0.016307,0.016307,14.517500 , , , , , , , , , , , , , , , , , 
 , , , , ,13.195900,0.016321,0.016321,13.212300 , , , , , , , , , , , , , , , , , 
 , , , , ,13.191400,0.016201,0.016201,13.207700 , , , , , , , , , , , , , , , , , 
 , , , , ,13.071500,0.015626,0.015626,13.087300 , , , , , , , , , , , , , , , , , 
 , , , , ,13.233100,0.016099,0.016099,13.249300 , , , , , , , , , , , , , , , , , 
 , , , , ,13.169000,0.016302,0.016302,13.185400 , , , , , , , , , , , , , , , , , 
 , , , , ,13.185500,0.016373,0.016373,13.202000 , , , , , , , , , , , , , , , , , 
 , , , , ,13.141100,0.015719,0.015719,13.157000 , , , , , , , , , , , , , , , , , 
 , , , , ,13.178800,0.016168,0.016168,13.195100 , , , , , , , , , , , , , , , , , 
 , , , , ,13.151800,0.015784,0.015784,13.167700 , , , , , , , , , , , , , , , , , 
 , , , , , , , , , , , , 
 , , , , , , , , , , , , 
MPI Processes,Nodes,Processes per Node,OpenMP Threads per process,Floating Point Ops,Distribution Time,SpMV Time,SpMV with Reduction Time,Total Time, ,Best Distribution Time,Best SpMV Time,Best SpMV with Reduction Time,Best Total Time,Best GFlops,,Worst Distribution Time,Worst SpMV Time,Worst SpMV with Reduction Time,Worst Total Time,Worst GFlops, ,Avg Distribution Time,Avg SpMV Time,Avg SpMV with Reduction Time,Avg Total Time,Avg GFlops
1, ,1,3,28715634,13.089500,0.011532,0.011532,13.101200, ,13.043100,0.011022,0.011022,13.101200,5.210840, ,13.314800,0.011813,0.011813,13.326500,4.861906, ,13.175333,0.011451,0.011451,13.186910,5.015479
 , , , , ,13.081400,0.011171,0.011171,13.092700 , , , , , , , , , , , , , , , , , 
 , , , , ,13.152200,0.011022,0.011022,13.163300 , , , , , , , , , , , , , , , , , 
 , , , , ,13.102200,0.011161,0.011161,13.113500 , , , , , , , , , , , , , , , , , 
 , , , , ,13.248500,0.011371,0.011371,13.259900 , , , , , , , , , , , , , , , , , 
 , , , , ,13.211900,0.011788,0.011788,13.223800 , , , , , , , , , , , , , , , , , 
 , , , , ,13.173600,0.011716,0.011716,13.185500 , , , , , , , , , , , , , , , , , 
 , , , , ,13.070800,0.011170,0.011170,13.082100 , , , , , , , , , , , , , , , , , 
 , , , , ,13.264200,0.011550,0.011550,13.275900 , , , , , , , , , , , , , , , , , 
 , , , , ,13.058100,0.011186,0.011186,13.069400 , , , , , , , , , , , , , , , , , 
 , , , , ,13.224100,0.011570,0.011570,13.235800 , , , , , , , , , , , , , , , , , 
 , , , , ,13.209700,0.011813,0.011813,13.221600 , , , , , , , , , , , , , , , , , 
 , , , , ,13.043100,0.011151,0.011151,13.054400 , , , , , , , , , , , , , , , , , 
 , , , , ,13.156300,0.011135,0.011135,13.167500 , , , , , , , , , , , , , , , , , 
 , , , , ,13.171000,0.011558,0.011558,13.182700 , , , , , , , , , , , , , , , , , 
 , , , , ,13.257800,0.011466,0.011466,13.269400 , , , , , , , , , , , , , , , , , 
 , , , , ,13.233100,0.011741,0.011741,13.245000 , , , , , , , , , , , , , , , , , 
 , , , , ,13.314800,0.011577,0.011577,13.326500 , , , , , , , , , , , , , , , , , 
 , , , , ,13.215500,0.011606,0.011606,13.227300 , , , , , , , , , , , , , , , , , 
 , , , , ,13.207600,0.011771,0.011771,13.219500 , , , , , , , , , , , , , , , , , 
 , , , , ,13.196600,0.011414,0.011414,13.208100 , , , , , , , , , , , , , , , , , 
 , , , , , , , , , , , , 
 , , , , , , , , , , , , 
MPI Processes,Nodes,Processes per Node,OpenMP Threads per process,Floating Point Ops,Distribution Time,SpMV Time,SpMV with Reduction Time,Total Time, ,Best Distribution Time,Best SpMV Time,Best SpMV with Reduction Time,Best Total Time,Best GFlops,,Worst Distribution Time,Worst SpMV Time,Worst SpMV with Reduction Time,Worst Total Time,Worst GFlops, ,Avg Distribution Time,Avg SpMV Time,Avg SpMV with Reduction Time,Avg Total Time,Avg GFlops
1, ,1,4,28715634,13.075400,0.008831,0.008831,13.084300, ,13.019400,0.008706,0.008706,13.084300,6.597011, ,14.567700,0.010050,0.010050,14.577000,5.714440, ,13.228757,0.009004,0.009004,13.237881,6.378447
 , , , , ,13.515400,0.009359,0.009359,13.524900 , , , , , , , , , , , , , , , , , 
 , , , , ,13.093500,0.008709,0.008709,13.102400 , , , , , , , , , , , , , , , , , 
 , , , , ,13.196600,0.009282,0.009282,13.206000 , , , , , , , , , , , , , , , , , 
 , , , , ,13.088000,0.008815,0.008815,13.096900 , , , , , , , , , , , , , , , , , 
 , , , , ,13.051600,0.008766,0.008766,13.060500 , , , , , , , , , , , , , , , , , 
 , , , , ,13.231200,0.009369,0.009369,13.240700 , , , , , , , , , , , , , , , , , 
 , , , , ,13.043200,0.008766,0.008766,13.052100 , , , , , , , , , , , , , , , , , 
 , , , , ,13.683600,0.009289,0.009289,13.693000 , , , , , , , , , , , , , , , , , 
 , , , , ,13.221600,0.010050,0.010050,13.231700 , , , , , , , , , , , , , , , , , 
 , , , , ,13.019400,0.008708,0.008708,13.028300 , , , , , , , , , , , , , , , , , 
 , , , , ,13.101000,0.008748,0.008748,13.109900 , , , , , , , , , , , , , , , , , 
 , , , , ,13.133400,0.008857,0.008857,13.142300 , , , , , , , , , , , , , , , , , 
 , , , , ,13.064500,0.008706,0.008706,13.073400 , , , , , , , , , , , , , , , , , 
 , , , , ,13.073200,0.008849,0.008849,13.082100 , , , , , , , , , , , , , , , , , 
 , , , , ,13.210800,0.009231,0.009231,13.220100 , , , , , , , , , , , , , , , , , 
 , , , , ,13.116300,0.008881,0.008881,13.125300 , , , , , , , , , , , , , , , , , 
 , , , , ,13.150400,0.008901,0.008901,13.159500 , , , , , , , , , , , , , , , , , 
 , , , , ,13.117300,0.008833,0.008833,13.126200 , , , , , , , , , , , , , , , , , 
 , , , , ,14.567700,0.009217,0.009217,14.577000 , , , , , , , , , , , , , , , , , 
 , , , , ,13.049800,0.008915,0.008915,13.058900 , , , , , , , , , , , , , , , , , 
 , , , , , , , , , , , , 
 , , , , , , , , , , , , 
MPI Processes,Nodes,Processes per Node,OpenMP Threads per process,Floating Point Ops,Distribution Time,SpMV Time,SpMV with Reduction Time,Total Time, ,Best Distribution Time,Best SpMV Time,Best SpMV with Reduction Time,Best Total Time,Best GFlops,,Worst Distribution Time,Worst SpMV Time,Worst SpMV with Reduction Time,Worst Total Time,Worst GFlops, ,Avg Distribution Time,Avg SpMV Time,Avg SpMV with Reduction Time,Avg Total Time,Avg GFlops
1, ,1,5,28715634,13.248400,0.007814,0.007814,13.256300, ,13.014800,0.007370,0.007370,13.256300,7.793028, ,13.661800,0.007903,0.007903,13.669800,7.267315, ,13.211567,0.007608,0.007608,13.219300,7.548627
 , , , , ,13.228400,0.007806,0.007806,13.236400 , , , , , , , , , , , , , , , , , 
 , , , , ,13.192800,0.007633,0.007633,13.200600 , , , , , , , , , , , , , , , , , 
 , , , , ,13.022400,0.007392,0.007392,13.030000 , , , , , , , , , , , , , , , , , 
 , , , , ,13.533100,0.007605,0.007605,13.540800 , , , , , , , , , , , , , , , , , 
 , , , , ,13.243600,0.007588,0.007588,13.251300 , , , , , , , , , , , , , , , , , 
 , , , , ,13.159500,0.007447,0.007447,13.167100 , , , , , , , , , , , , , , , , , 
 , , , , ,13.139300,0.007405,0.007405,13.146900 , , , , , , , , , , , , , , , , , 
 , , , , ,13.239700,0.007634,0.007634,13.247500 , , , , , , , , , , , , , , , , , 
 , , , , ,13.044500,0.007376,0.007376,13.052000 , , , , , , , , , , , , , , , , , 
 , , , , ,13.661800,0.007887,0.007887,13.669800 , , , , , , , , , , , , , , , , , 
 , , , , ,13.223100,0.007890,0.007890,13.231100 , , , , , , , , , , , , , , , , , 
 , , , , ,13.093600,0.007475,0.007475,13.101200 , , , , , , , , , , , , , , , , , 
 , , , , ,13.014800,0.007387,0.007387,13.022300 , , , , , , , , , , , , , , , , , 
 , , , , ,13.192000,0.007903,0.007903,13.200000 , , , , , , , , , , , , , , , , , 
 , , , , ,13.024700,0.007453,0.007453,13.032300 , , , , , , , , , , , , , , , , , 
 , , , , ,13.295700,0.007835,0.007835,13.303600 , , , , , , , , , , , , , , , , , 
 , , , , ,13.442000,0.007647,0.007647,13.449700 , , , , , , , , , , , , , , , , , 
 , , , , ,13.158800,0.007370,0.007370,13.166300 , , , , , , , , , , , , , , , , , 
 , , , , ,13.101000,0.007390,0.007390,13.108500 , , , , , , , , , , , , , , , , , 
 , , , , ,13.183700,0.007834,0.007834,13.191600 , , , , , , , , , , , , , , , , , 
 , , , , , , , , , , , , 
 , , , , , , , , , , , , 
MPI Processes,Nodes,Processes per Node,OpenMP Threads per process,Floating Point Ops,Distribution Time,SpMV Time,SpMV with Reduction Time,Total Time, ,Best Distribution Time,Best SpMV Time,Best SpMV with Reduction Time,Best Total Time,Best GFlops,,Worst Distribution Time,Worst SpMV Time,Worst SpMV with Reduction Time,Worst Total Time,Worst GFlops, ,Avg Distribution Time,Avg SpMV Time,Avg SpMV with Reduction Time,Avg Total Time,Avg GFlops
1, ,1,6,28715634,13.052100,0.006387,0.006387,13.058700, ,13.028000,0.006305,0.006305,13.058700,9.108599, ,13.625400,0.006811,0.006811,13.632300,8.431590, ,13.143100,0.006466,0.006466,13.149705,8.882543
 , , , , ,13.028000,0.006386,0.006386,13.034500 , , , , , , , , , , , , , , , , , 
 , , , , ,13.196700,0.006682,0.006682,13.203500 , , , , , , , , , , , , , , , , , 
 , , , , ,13.205700,0.006750,0.006750,13.212600 , , , , , , , , , , , , , , , , , 
 , , , , ,13.061800,0.006363,0.006363,13.068300 , , , , , , , , , , , , , , , , , 
 , , , , ,13.052500,0.006347,0.006347,13.059000 , , , , , , , , , , , , , , , , , 
 , , , , ,13.106800,0.006355,0.006355,13.113300 , , , , , , , , , , , , , , , , , 
 , , , , ,13.132300,0.006305,0.006305,13.138800 , , , , , , , , , , , , , , , , , 
 , , , , ,13.168600,0.006425,0.006425,13.175100 , , , , , , , , , , , , , , , , , 
 , , , , ,13.033100,0.006359,0.006359,13.039600 , , , , , , , , , , , , , , , , , 
 , , , , ,13.045500,0.006392,0.006392,13.052000 , , , , , , , , , , , , , , , , , 
 , , , , ,13.035500,0.006366,0.006366,13.042000 , , , , , , , , , , , , , , , , , 
 , , , , ,13.151400,0.006370,0.006370,13.157900 , , , , , , , , , , , , , , , , , 
 , , , , ,13.047200,0.006377,0.006377,13.053700 , , , , , , , , , , , , , , , , , 
 , , , , ,13.625400,0.006811,0.006811,13.632300 , , , , , , , , , , , , , , , , , 
 , , , , ,13.162100,0.006361,0.006361,13.168600 , , , , , , , , , , , , , , , , , 
 , , , , ,13.149600,0.006392,0.006392,13.156200 , , , , , , , , , , , , , , , , , 
 , , , , ,13.116500,0.006403,0.006403,13.123000 , , , , , , , , , , , , , , , , , 
 , , , , ,13.223600,0.006791,0.006791,13.230500 , , , , , , , , , , , , , , , , , 
 , , , , ,13.147000,0.006409,0.006409,13.153600 , , , , , , , , , , , , , , , , , 
 , , , , ,13.263700,0.006747,0.006747,13.270600 , , , , , , , , , , , , , , , , , 
 , , , , , , , , , , , , 
 , , , , , , , , , , , , 
MPI Processes,Nodes,Processes per Node,OpenMP Threads per process,Floating Point Ops,Distribution Time,SpMV Time,SpMV with Reduction Time,Total Time, ,Best Distribution Time,Best SpMV Time,Best SpMV with Reduction Time,Best Total Time,Best GFlops,,Worst Distribution Time,Worst SpMV Time,Worst SpMV with Reduction Time,Worst Total Time,Worst GFlops, ,Avg Distribution Time,Avg SpMV Time,Avg SpMV with Reduction Time,Avg Total Time,Avg GFlops
1, ,1,7,28715634,13.523600,0.005867,0.005867,13.529600, ,13.027000,0.005693,0.005693,13.529600,10.087235, ,13.669400,0.006124,0.006124,13.675600,9.377957, ,13.173000,0.005794,0.005794,13.178924,9.911438
 , , , , ,13.222500,0.006083,0.006083,13.228700 , , , , , , , , , , , , , , , , , 
 , , , , ,13.137000,0.005701,0.005701,13.142800 , , , , , , , , , , , , , , , , , 
 , , , , ,13.054300,0.005763,0.005763,13.060200 , , , , , , , , , , , , , , , , , 
 , , , , ,13.073200,0.005763,0.005763,13.079100 , , , , , , , , , , , , , , , , , 
 , , , , ,13.197000,0.006124,0.006124,13.203300 , , , , , , , , , , , , , , , , , 
 , , , , ,13.089600,0.005771,0.005771,13.095500 , , , , , , , , , , , , , , , , , 
 , , , , ,13.045300,0.005758,0.005758,13.051200 , , , , , , , , , , , , , , , , , 
 , , , , ,13.135200,0.005741,0.005741,13.141100 , , , , , , , , , , , , , , , , , 
 , , , , ,13.139900,0.005695,0.005695,13.145700 , , , , , , , , , , , , , , , , , 
 , , , , ,13.071000,0.005706,0.005706,13.076800 , , , , , , , , , , , , , , , , , 
 , , , , ,13.123300,0.005695,0.005695,13.129100 , , , , , , , , , , , , , , , , , 
 , , , , ,13.669400,0.006104,0.006104,13.675600 , , , , , , , , , , , , , , , , , 
 , , , , ,13.068200,0.005742,0.005742,13.074100 , , , , , , , , , , , , , , , , , 
 , , , , ,13.093500,0.005725,0.005725,13.099400 , , , , , , , , , , , , , , , , , 
 , , , , ,13.027000,0.005697,0.005697,13.032800 , , , , , , , , , , , , , , , , , 
 , , , , ,13.121200,0.005714,0.005714,13.127000 , , , , , , , , , , , , , , , , , 
 , , , , ,13.105700,0.005777,0.005777,13.111600 , , , , , , , , , , , , , , , , , 
 , , , , ,13.522000,0.005823,0.005823,13.527900 , , , , , , , , , , , , , , , , , 
 , , , , ,13.119400,0.005693,0.005693,13.125300 , , , , , , , , , , , , , , , , , 
 , , , , ,13.094700,0.005742,0.005742,13.100600 , , , , , , , , , , , , , , , , , 
 , , , , , , , , , , , , 
 , , , , , , , , , , , , 
MPI Processes,Nodes,Processes per Node,OpenMP Threads per process,Floating Point Ops,Distribution Time,SpMV Time,SpMV with Reduction Time,Total Time, ,Best Distribution Time,Best SpMV Time,Best SpMV with Reduction Time,Best Total Time,Best GFlops,,Worst Distribution Time,Worst SpMV Time,Worst SpMV with Reduction Time,Worst Total Time,Worst GFlops, ,Avg Distribution Time,Avg SpMV Time,Avg SpMV with Reduction Time,Avg Total Time,Avg GFlops
1, ,1,8,28715634,13.076600,0.005397,0.005397,13.082100, ,12.992200,0.005251,0.005251,13.082100,10.937831, ,13.681500,0.005715,0.005715,13.687300,10.048530, ,13.187443,0.005434,0.005434,13.193005,10.568032
 , , , , ,13.045200,0.005277,0.005277,13.050600 , , , , , , , , , , , , , , , , , 
 , , , , ,13.681500,0.005696,0.005696,13.687300 , , , , , , , , , , , , , , , , , 
 , , , , ,13.070300,0.005337,0.005337,13.075800 , , , , , , , , , , , , , , , , , 
 , , , , ,13.122300,0.005251,0.005251,13.127700 , , , , , , , , , , , , , , , , , 
 , , , , ,13.240400,0.005495,0.005495,13.246000 , , , , , , , , , , , , , , , , , 
 , , , , ,13.443200,0.005453,0.005453,13.448800 , , , , , , , , , , , , , , , , , 
 , , , , ,13.225500,0.005443,0.005443,13.231100 , , , , , , , , , , , , , , , , , 
 , , , , ,13.157200,0.005344,0.005344,13.162700 , , , , , , , , , , , , , , , , , 
 , , , , ,13.188200,0.005613,0.005613,13.193900 , , , , , , , , , , , , , , , , , 
 , , , , ,13.136000,0.005358,0.005358,13.141500 , , , , , , , , , , , , , , , , , 
 , , , , ,13.144600,0.005341,0.005341,13.150100 , , , , , , , , , , , , , , , , , 
 , , , , ,13.188700,0.005456,0.005456,13.194300 , , , , , , , , , , , , , , , , , 
 , , , , ,13.062600,0.005319,0.005319,13.068000 , , , , , , , , , , , , , , , , , 
 , , , , ,13.125300,0.005715,0.005715,13.131200 , , , , , , , , , , , , , , , , , 
 , , , , ,13.169100,0.005394,0.005394,13.174600 , , , , , , , , , , , , , , , , , 
 , , , , ,13.360700,0.005660,0.005660,13.366400 , , , , , , , , , , , , , , , , , 
 , , , , ,13.126200,0.005386,0.005386,13.131700 , , , , , , , , , , , , , , , , , 
 , , , , ,12.992200,0.005283,0.005283,12.997700 , , , , , , , , , , , , , , , , , 
 , , , , ,13.170900,0.005545,0.005545,13.176600 , , , , , , , , , , , , , , , , , 
 , , , , ,13.209600,0.005359,0.005359,13.215000 , , , , , , , , , , , , , , , , , 
 , , , , , , , , , , , , 
 , , , , , , , , , , , , 
MPI Processes,Nodes,Processes per Node,OpenMP Threads per process,Floating Point Ops,Distribution Time,SpMV Time,SpMV with Reduction Time,Total Time, ,Best Distribution Time,Best SpMV Time,Best SpMV with Reduction Time,Best Total Time,Best GFlops,,Worst Distribution Time,Worst SpMV Time,Worst SpMV with Reduction Time,Worst Total Time,Worst GFlops, ,Avg Distribution Time,Avg SpMV Time,Avg SpMV with Reduction Time,Avg Total Time,Avg GFlops
1, ,1,9,28715634,13.124300,0.008101,0.008101,13.132500, ,13.033200,0.006242,0.006242,13.132500,9.200131, ,13.168100,0.008198,0.008198,13.175400,7.005163, ,13.095400,0.007348,0.007348,13.102876,7.816237
 , , , , ,13.086000,0.007187,0.007187,13.093300 , , , , , , , , , , , , , , , , , 
 , , , , ,13.166100,0.007097,0.007097,13.173300 , , , , , , , , , , , , , , , , , 
 , , , , ,13.115000,0.006242,0.006242,13.121400 , , , , , , , , , , , , , , , , , 
 , , , , ,13.087000,0.007348,0.007348,13.094500 , , , , , , , , , , , , , , , , , 
 , , , , ,13.168100,0.007190,0.007190,13.175400 , , , , , , , , , , , , , , , , , 
 , , , , ,13.057100,0.007343,0.007343,13.064500 , , , , , , , , , , , , , , , , , 
 , , , , ,13.088600,0.007138,0.007138,13.095800 , , , , , , , , , , , , , , , , , 
 , , , , ,13.104800,0.007313,0.007313,13.112200 , , , , , , , , , , , , , , , , , 
 , , , , ,13.117500,0.007116,0.007116,13.124700 , , , , , , , , , , , , , , , , , 
 , , , , ,13.053900,0.007153,0.007153,13.061200 , , , , , , , , , , , , , , , , , 
 , , , , ,13.098200,0.007280,0.007280,13.105600 , , , , , , , , , , , , , , , , , 
 , , , , ,13.123600,0.008198,0.008198,13.131900 , , , , , , , , , , , , , , , , , 
 , , , , ,13.076500,0.007106,0.007106,13.083800 , , , , , , , , , , , , , , , , , 
 , , , , ,13.112600,0.008175,0.008175,13.120900 , , , , , , , , , , , , , , , , , 
 , , , , ,13.106700,0.007338,0.007338,13.114200 , , , , , , , , , , , , , , , , , 
 , , , , ,13.033200,0.007224,0.007224,13.040600 , , , , , , , , , , , , , , , , , 
 , , , , ,13.081000,0.008166,0.008166,13.089300 , , , , , , , , , , , , , , , , , 
 , , , , ,13.041100,0.007128,0.007128,13.048400 , , , , , , , , , , , , , , , , , 
 , , , , ,13.044600,0.007363,0.007363,13.052100 , , , , , , , , , , , , , , , , , 
 , , , , ,13.117500,0.007094,0.007094,13.124800 , , , , , , , , , , , , , , , , , 
 , , , , , , , , , , , , 
 , , , , , , , , , , , , 
MPI Processes,Nodes,Processes per Node,OpenMP Threads per process,Floating Point Ops,Distribution Time,SpMV Time,SpMV with Reduction Time,Total Time, ,Best Distribution Time,Best SpMV Time,Best SpMV with Reduction Time,Best Total Time,Best GFlops,,Worst Distribution Time,Worst SpMV Time,Worst SpMV with Reduction Time,Worst Total Time,Worst GFlops, ,Avg Distribution Time,Avg SpMV Time,Avg SpMV with Reduction Time,Avg Total Time,Avg GFlops
1, ,1,10,28715634,13.220300,0.007369,0.007369,13.227800, ,12.992700,0.006891,0.006891,13.227800,8.334751, ,13.704000,0.007625,0.007625,13.711200,7.531989, ,13.189981,0.007121,0.007121,13.197233,8.064847
 , , , , ,13.704000,0.007042,0.007042,13.711200 , , , , , , , , , , , , , , , , , 
 , , , , ,13.156500,0.006989,0.006989,13.163600 , , , , , , , , , , , , , , , , , 
 , , , , ,13.091400,0.007043,0.007043,13.098500 , , , , , , , , , , , , , , , , , 
 , , , , ,13.182900,0.007059,0.007059,13.190100 , , , , , , , , , , , , , , , , , 
 , , , , ,13.073000,0.007003,0.007003,13.080100 , , , , , , , , , , , , , , , , , 
 , , , , ,13.200600,0.007349,0.007349,13.208000 , , , , , , , , , , , , , , , , , 
 , , , , ,13.036700,0.007625,0.007625,13.044500 , , , , , , , , , , , , , , , , , 
 , , , , ,13.053000,0.006932,0.006932,13.060100 , , , , , , , , , , , , , , , , , 
 , , , , ,13.101800,0.006995,0.006995,13.108900 , , , , , , , , , , , , , , , , , 
 , , , , ,13.122200,0.006996,0.006996,13.129300 , , , , , , , , , , , , , , , , , 
 , , , , ,13.129300,0.006891,0.006891,13.136300 , , , , , , , , , , , , , , , , , 
 , , , , ,13.530700,0.007070,0.007070,13.537900 , , , , , , , , , , , , , , , , , 
 , , , , ,13.166000,0.006995,0.006995,13.173200 , , , , , , , , , , , , , , , , , 
 , , , , ,13.101700,0.006972,0.006972,13.108800 , , , , , , , , , , , , , , , , , 
 , , , , ,13.095300,0.007042,0.007042,13.102500 , , , , , , , , , , , , , , , , , 
 , , , , ,13.332200,0.007077,0.007077,13.339400 , , , , , , , , , , , , , , , , , 
 , , , , ,13.170800,0.007612,0.007612,13.178600 , , , , , , , , , , , , , , , , , 
 , , , , ,13.231400,0.007142,0.007142,13.238700 , , , , , , , , , , , , , , , , , 
 , , , , ,13.297100,0.007330,0.007330,13.304500 , , , , , , , , , , , , , , , , , 
 , , , , ,12.992700,0.007013,0.007013,12.999900 , , , , , , , , , , , , , , , , , 
 , , , , , , , , , , , , 
 , , , , , , , , , , , , 
MPI Processes,Nodes,Processes per Node,OpenMP Threads per process,Floating Point Ops,Distribution Time,SpMV Time,SpMV with Reduction Time,Total Time, ,Best Distribution Time,Best SpMV Time,Best SpMV with Reduction Time,Best Total Time,Best GFlops,,Worst Distribution Time,Worst SpMV Time,Worst SpMV with Reduction Time,Worst Total Time,Worst GFlops, ,Avg Distribution Time,Avg SpMV Time,Avg SpMV with Reduction Time,Avg Total Time,Avg GFlops
1, ,1,11,28715634,13.517300,0.007471,0.007471,13.524900, ,13.020800,0.006685,0.006685,13.524900,8.591013, ,13.517300,0.007571,0.007571,13.524900,7.586112, ,13.180076,0.007370,0.007370,13.187586,7.792098
 , , , , ,13.064900,0.007429,0.007429,13.072500 , , , , , , , , , , , , , , , , , 
 , , , , ,13.241700,0.007426,0.007426,13.249200 , , , , , , , , , , , , , , , , , 
 , , , , ,13.114900,0.007403,0.007403,13.122500 , , , , , , , , , , , , , , , , , 
 , , , , ,13.232700,0.007480,0.007480,13.240300 , , , , , , , , , , , , , , , , , 
 , , , , ,13.331600,0.007489,0.007489,13.339200 , , , , , , , , , , , , , , , , , 
 , , , , ,13.140400,0.006685,0.006685,13.147200 , , , , , , , , , , , , , , , , , 
 , , , , ,13.132000,0.007361,0.007361,13.139500 , , , , , , , , , , , , , , , , , 
 , , , , ,13.051400,0.007392,0.007392,13.058900 , , , , , , , , , , , , , , , , , 
 , , , , ,13.043900,0.007441,0.007441,13.051500 , , , , , , , , , , , , , , , , , 
 , , , , ,13.020800,0.007424,0.007424,13.028400 , , , , , , , , , , , , , , , , , 
 , , , , ,13.484800,0.007464,0.007464,13.492400 , , , , , , , , , , , , , , , , , 
 , , , , ,13.057000,0.006710,0.006710,13.063800 , , , , , , , , , , , , , , , , , 
 , , , , ,13.204500,0.007571,0.007571,13.212200 , , , , , , , , , , , , , , , , , 
 , , , , ,13.107900,0.007438,0.007438,13.115500 , , , , , , , , , , , , , , , , , 
 , , , , ,13.044200,0.007435,0.007435,13.051800 , , , , , , , , , , , , , , , , , 
 , , , , ,13.315900,0.007406,0.007406,13.323400 , , , , , , , , , , , , , , , , , 
 , , , , ,13.152300,0.007404,0.007404,13.159900 , , , , , , , , , , , , , , , , , 
 , , , , ,13.261300,0.007454,0.007454,13.268900 , , , , , , , , , , , , , , , , , 
 , , , , ,13.059600,0.007369,0.007369,13.067100 , , , , , , , , , , , , , , , , , 
 , , , , ,13.202500,0.007529,0.007529,13.210200 , , , , , , , , , , , , , , , , , 
 , , , , , , , , , , , , 
 , , , , , , , , , , , , 
MPI Processes,Nodes,Processes per Node,OpenMP Threads per process,Floating Point Ops,Distribution Time,SpMV Time,SpMV with Reduction Time,Total Time, ,Best Distribution Time,Best SpMV Time,Best SpMV with Reduction Time,Best Total Time,Best GFlops,,Worst Distribution Time,Worst SpMV Time,Worst SpMV with Reduction Time,Worst Total Time,Worst GFlops, ,Avg Distribution Time,Avg SpMV Time,Avg SpMV with Reduction Time,Avg Total Time,Avg GFlops
1, ,1,12,28715634,13.076300,0.008893,0.008893,13.085300, ,13.014500,0.006228,0.006228,13.085300,9.220989, ,13.464900,0.009050,0.009050,13.474000,6.346228, ,13.186462,0.007948,0.007948,13.194543,7.226321
 , , , , ,13.243000,0.008306,0.008306,13.251400 , , , , , , , , , , , , , , , , , 
 , , , , ,13.143200,0.009022,0.009022,13.152400 , , , , , , , , , , , , , , , , , 
 , , , , ,13.177500,0.008446,0.008446,13.186100 , , , , , , , , , , , , , , , , , 
 , , , , ,13.357800,0.008657,0.008657,13.366600 , , , , , , , , , , , , , , , , , 
 , , , , ,13.460600,0.007283,0.007283,13.468100 , , , , , , , , , , , , , , , , , 
 , , , , ,13.159500,0.006261,0.006261,13.165900 , , , , , , , , , , , , , , , , , 
 , , , , ,13.112400,0.006272,0.006272,13.118800 , , , , , , , , , , , , , , , , , 
 , , , , ,13.105800,0.008340,0.008340,13.114200 , , , , , , , , , , , , , , , , , 
 , , , , ,13.062800,0.008124,0.008124,13.071100 , , , , , , , , , , , , , , , , , 
 , , , , ,13.014500,0.008864,0.008864,13.023500 , , , , , , , , , , , , , , , , , 
 , , , , ,13.130200,0.008325,0.008325,13.138600 , , , , , , , , , , , , , , , , , 
 , , , , ,13.187800,0.008521,0.008521,13.196500 , , , , , , , , , , , , , , , , , 
 , , , , ,13.221300,0.009007,0.009007,13.230400 , , , , , , , , , , , , , , , , , 
 , , , , ,13.464900,0.009050,0.009050,13.474000 , , , , , , , , , , , , , , , , , 
 , , , , ,13.256500,0.006601,0.006601,13.263300 , , , , , , , , , , , , , , , , , 
 , , , , ,13.073100,0.008450,0.008450,13.081700 , , , , , , , , , , , , , , , , , 
 , , , , ,13.113300,0.006228,0.006228,13.119700 , , , , , , , , , , , , , , , , , 
 , , , , ,13.208300,0.009046,0.009046,13.217500 , , , , , , , , , , , , , , , , , 
 , , , , ,13.195500,0.006656,0.006656,13.202200 , , , , , , , , , , , , , , , , , 
 , , , , ,13.151400,0.006543,0.006543,13.158100 , , , , , , , , , , , , , , , , , 
 , , , , , , , , , , , , 
 , , , , , , , , , , , , 
MPI Processes,Nodes,Processes per Node,OpenMP Threads per process,Floating Point Ops,Distribution Time,SpMV Time,SpMV with Reduction Time,Total Time, ,Best Distribution Time,Best SpMV Time,Best SpMV with Reduction Time,Best Total Time,Best GFlops,,Worst Distribution Time,Worst SpMV Time,Worst SpMV with Reduction Time,Worst Total Time,Worst GFlops, ,Avg Distribution Time,Avg SpMV Time,Avg SpMV with Reduction Time,Avg Total Time,Avg GFlops
1, ,1,13,28715634,13.065200,0.008564,0.008564,13.073900, ,13.000100,0.006072,0.006072,13.073900,9.458222, ,13.711500,0.010785,0.010785,13.720200,5.325353, ,13.183019,0.008226,0.008226,13.191381,6.981974
 , , , , ,13.067000,0.010256,0.010256,13.077400 , , , , , , , , , , , , , , , , , 
 , , , , ,13.063900,0.010253,0.010253,13.074400 , , , , , , , , , , , , , , , , , 
 , , , , ,13.153600,0.006230,0.006230,13.159900 , , , , , , , , , , , , , , , , , 
 , , , , ,13.060300,0.006148,0.006148,13.066600 , , , , , , , , , , , , , , , , , 
 , , , , ,13.430900,0.006383,0.006383,13.437400 , , , , , , , , , , , , , , , , , 
 , , , , ,13.142200,0.008691,0.008691,13.151000 , , , , , , , , , , , , , , , , , 
 , , , , ,13.074600,0.008545,0.008545,13.083300 , , , , , , , , , , , , , , , , , 
 , , , , ,13.000100,0.008524,0.008524,13.008700 , , , , , , , , , , , , , , , , , 
 , , , , ,13.603500,0.010785,0.010785,13.614400 , , , , , , , , , , , , , , , , , 
 , , , , ,13.133100,0.010246,0.010246,13.143500 , , , , , , , , , , , , , , , , , 
 , , , , ,13.711500,0.008538,0.008538,13.720200 , , , , , , , , , , , , , , , , , 
 , , , , ,13.183200,0.008568,0.008568,13.191900 , , , , , , , , , , , , , , , , , 
 , , , , ,13.070700,0.006072,0.006072,13.076900 , , , , , , , , , , , , , , , , , 
 , , , , ,13.147600,0.006113,0.006113,13.153800 , , , , , , , , , , , , , , , , , 
 , , , , ,13.178700,0.008731,0.008731,13.187600 , , , , , , , , , , , , , , , , , 
 , , , , ,13.120300,0.008549,0.008549,13.129000 , , , , , , , , , , , , , , , , , 
 , , , , ,13.205000,0.007002,0.007002,13.212100 , , , , , , , , , , , , , , , , , 
 , , , , ,13.251200,0.008622,0.008622,13.260000 , , , , , , , , , , , , , , , , , 
 , , , , ,13.057200,0.008541,0.008541,13.065900 , , , , , , , , , , , , , , , , , 
 , , , , ,13.123600,0.007378,0.007378,13.131100 , , , , , , , , , , , , , , , , , 
 , , , , , , , , , , , , 
 , , , , , , , , , , , , 
MPI Processes,Nodes,Processes per Node,OpenMP Threads per process,Floating Point Ops,Distribution Time,SpMV Time,SpMV with Reduction Time,Total Time, ,Best Distribution Time,Best SpMV Time,Best SpMV with Reduction Time,Best Total Time,Best GFlops,,Worst Distribution Time,Worst SpMV Time,Worst SpMV with Reduction Time,Worst Total Time,Worst GFlops, ,Avg Distribution Time,Avg SpMV Time,Avg SpMV with Reduction Time,Avg Total Time,Avg GFlops
1, ,1,14,28715634,13.085400,0.008936,0.008936,13.094500, ,13.013600,0.005715,0.005715,13.094500,10.049919, ,13.666900,0.011645,0.011645,13.673200,4.931924, ,13.160781,0.008469,0.008469,13.169390,6.781532
 , , , , ,13.118900,0.009916,0.009916,13.129000 , , , , , , , , , , , , , , , , , 
 , , , , ,13.171200,0.006651,0.006651,13.178000 , , , , , , , , , , , , , , , , , 
 , , , , ,13.061500,0.009931,0.009931,13.071600 , , , , , , , , , , , , , , , , , 
 , , , , ,13.070500,0.011508,0.011508,13.082100 , , , , , , , , , , , , , , , , , 
 , , , , ,13.037600,0.011405,0.011405,13.049100 , , , , , , , , , , , , , , , , , 
 , , , , ,13.013600,0.006737,0.006737,13.020500 , , , , , , , , , , , , , , , , , 
 , , , , ,13.102200,0.005849,0.005849,13.108200 , , , , , , , , , , , , , , , , , 
 , , , , ,13.078600,0.005839,0.005839,13.084600 , , , , , , , , , , , , , , , , , 
 , , , , ,13.270600,0.005864,0.005864,13.276600 , , , , , , , , , , , , , , , , , 
 , , , , ,13.272000,0.010004,0.010004,13.282100 , , , , , , , , , , , , , , , , , 
 , , , , ,13.139600,0.009850,0.009850,13.149600 , , , , , , , , , , , , , , , , , 
 , , , , ,13.666900,0.006155,0.006155,13.673200 , , , , , , , , , , , , , , , , , 
 , , , , ,13.133000,0.005715,0.005715,13.138800 , , , , , , , , , , , , , , , , , 
 , , , , ,13.126500,0.009826,0.009826,13.136500 , , , , , , , , , , , , , , , , , 
 , , , , ,13.139100,0.006565,0.006565,13.145800 , , , , , , , , , , , , , , , , , 
 , , , , ,13.049100,0.007219,0.007219,13.056500 , , , , , , , , , , , , , , , , , 
 , , , , ,13.309700,0.011645,0.011645,13.321500 , , , , , , , , , , , , , , , , , 
 , , , , ,13.245500,0.006827,0.006827,13.252400 , , , , , , , , , , , , , , , , , 
 , , , , ,13.063100,0.011430,0.011430,13.074700 , , , , , , , , , , , , , , , , , 
 , , , , ,13.221800,0.009974,0.009974,13.231900 , , , , , , , , , , , , , , , , , 
 , , , , , , , , , , , , 
 , , , , , , , , , , , , 
MPI Processes,Nodes,Processes per Node,OpenMP Threads per process,Floating Point Ops,Distribution Time,SpMV Time,SpMV with Reduction Time,Total Time, ,Best Distribution Time,Best SpMV Time,Best SpMV with Reduction Time,Best Total Time,Best GFlops,,Worst Distribution Time,Worst SpMV Time,Worst SpMV with Reduction Time,Worst Total Time,Worst GFlops, ,Avg Distribution Time,Avg SpMV Time,Avg SpMV with Reduction Time,Avg Total Time,Avg GFlops
1, ,1,15,28715634,13.145200,0.010978,0.010978,13.156300, ,13.027100,0.005573,0.005573,13.156300,10.305214, ,13.314100,0.012706,0.012706,13.325300,4.519976, ,13.142381,0.008372,0.008372,13.150876,6.860297
 , , , , ,13.212600,0.012706,0.012706,13.225400 , , , , , , , , , , , , , , , , , 
 , , , , ,13.061200,0.005574,0.005574,13.066900 , , , , , , , , , , , , , , , , , 
 , , , , ,13.154900,0.008172,0.008172,13.163200 , , , , , , , , , , , , , , , , , 
 , , , , ,13.094300,0.006425,0.006425,13.100900 , , , , , , , , , , , , , , , , , 
 , , , , ,13.039200,0.005573,0.005573,13.044900 , , , , , , , , , , , , , , , , , 
 , , , , ,13.027100,0.011048,0.011048,13.038200 , , , , , , , , , , , , , , , , , 
 , , , , ,13.105500,0.005670,0.005670,13.111300 , , , , , , , , , , , , , , , , , 
 , , , , ,13.127900,0.005750,0.005750,13.133800 , , , , , , , , , , , , , , , , , 
 , , , , ,13.150500,0.010927,0.010927,13.161500 , , , , , , , , , , , , , , , , , 
 , , , , ,13.069900,0.006426,0.006426,13.076500 , , , , , , , , , , , , , , , , , 
 , , , , ,13.217400,0.006529,0.006529,13.224000 , , , , , , , , , , , , , , , , , 
 , , , , ,13.188600,0.006583,0.006583,13.195300 , , , , , , , , , , , , , , , , , 
 , , , , ,13.159900,0.008161,0.008161,13.168200 , , , , , , , , , , , , , , , , , 
 , , , , ,13.127000,0.011044,0.011044,13.138200 , , , , , , , , , , , , , , , , , 
 , , , , ,13.080400,0.011015,0.011015,13.091500 , , , , , , , , , , , , , , , , , 
 , , , , ,13.137400,0.011064,0.011064,13.148600 , , , , , , , , , , , , , , , , , 
 , , , , ,13.085800,0.006447,0.006447,13.092400 , , , , , , , , , , , , , , , , , 
 , , , , ,13.314100,0.011066,0.011066,13.325300 , , , , , , , , , , , , , , , , , 
 , , , , ,13.257400,0.008130,0.008130,13.265700 , , , , , , , , , , , , , , , , , 
 , , , , ,13.233700,0.006514,0.006514,13.240300 , , , , , , , , , , , , , , , , , 
 , , , , , , , , , , , , 
 , , , , , , , , , , , , 
MPI Processes,Nodes,Processes per Node,OpenMP Threads per process,Floating Point Ops,Distribution Time,SpMV Time,SpMV with Reduction Time,Total Time, ,Best Distribution Time,Best SpMV Time,Best SpMV with Reduction Time,Best Total Time,Best GFlops,,Worst Distribution Time,Worst SpMV Time,Worst SpMV with Reduction Time,Worst Total Time,Worst GFlops, ,Avg Distribution Time,Avg SpMV Time,Avg SpMV with Reduction Time,Avg Total Time,Avg GFlops
1, ,1,16,28715634,13.336400,0.006156,0.006156,13.342700, ,13.027900,0.005410,0.005410,13.342700,10.615683, ,13.336400,0.013203,0.013203,13.342700,4.349832, ,13.151295,0.008414,0.008414,13.159829,6.825386
 , , , , ,13.126200,0.009367,0.009367,13.135700 , , , , , , , , , , , , , , , , , 
 , , , , ,13.288200,0.009093,0.009093,13.297400 , , , , , , , , , , , , , , , , , 
 , , , , ,13.080700,0.013203,0.013203,13.094000 , , , , , , , , , , , , , , , , , 
 , , , , ,13.147500,0.012162,0.012162,13.159800 , , , , , , , , , , , , , , , , , 
 , , , , ,13.165400,0.011938,0.011938,13.177400 , , , , , , , , , , , , , , , , , 
 , , , , ,13.255300,0.005794,0.005794,13.261200 , , , , , , , , , , , , , , , , , 
 , , , , ,13.120200,0.009130,0.009130,13.129500 , , , , , , , , , , , , , , , , , 
 , , , , ,13.197300,0.007853,0.007853,13.205200 , , , , , , , , , , , , , , , , , 
 , , , , ,13.230100,0.007590,0.007590,13.237800 , , , , , , , , , , , , , , , , , 
 , , , , ,13.289100,0.009526,0.009526,13.298800 , , , , , , , , , , , , , , , , , 
 , , , , ,13.050200,0.012029,0.012029,13.062300 , , , , , , , , , , , , , , , , , 
 , , , , ,13.116700,0.006320,0.006320,13.123100 , , , , , , , , , , , , , , , , , 
 , , , , ,13.112500,0.005452,0.005452,13.118100 , , , , , , , , , , , , , , , , , 
 , , , , ,13.152500,0.006010,0.006010,13.158600 , , , , , , , , , , , , , , , , , 
 , , , , ,13.041400,0.005410,0.005410,13.046900 , , , , , , , , , , , , , , , , , 
 , , , , ,13.191800,0.006263,0.006263,13.198200 , , , , , , , , , , , , , , , , , 
 , , , , ,13.027900,0.009318,0.009318,13.037400 , , , , , , , , , , , , , , , , , 
 , , , , ,13.105500,0.010669,0.010669,13.116300 , , , , , , , , , , , , , , , , , 
 , , , , ,13.083300,0.006281,0.006281,13.089700 , , , , , , , , , , , , , , , , , 
 , , , , ,13.059000,0.007138,0.007138,13.066300 , , , , , , , , , , , , , , , , , 
 , , , , , , , , , , , , 
 , , , , , , , , , , , , 
MPI Processes,Nodes,Processes per Node,OpenMP Threads per process,Floating Point Ops,Distribution Time,SpMV Time,SpMV with Reduction Time,Total Time, ,Best Distribution Time,Best SpMV Time,Best SpMV with Reduction Time,Best Total Time,Best GFlops,,Worst Distribution Time,Worst SpMV Time,Worst SpMV with Reduction Time,Worst Total Time,Worst GFlops, ,Avg Distribution Time,Avg SpMV Time,Avg SpMV with Reduction Time,Avg Total Time,Avg GFlops
1, ,1,17,28715634,13.088800,0.007598,0.007598,13.096500, ,13.007500,0.005842,0.005842,13.096500,9.831344, ,13.342400,0.013977,0.013977,13.349500,4.108866, ,13.116705,0.009125,0.009125,13.125967,6.294130
 , , , , ,13.049800,0.012998,0.012998,13.062900 , , , , , , , , , , , , , , , , , 
 , , , , ,13.139200,0.007265,0.007265,13.146600 , , , , , , , , , , , , , , , , , 
 , , , , ,13.210400,0.013112,0.013112,13.223600 , , , , , , , , , , , , , , , , , 
 , , , , ,13.159800,0.009096,0.009096,13.169000 , , , , , , , , , , , , , , , , , 
 , , , , ,13.108100,0.011745,0.011745,13.120000 , , , , , , , , , , , , , , , , , 
 , , , , ,13.142700,0.005842,0.005842,13.148700 , , , , , , , , , , , , , , , , , 
 , , , , ,13.007500,0.013977,0.013977,13.021600 , , , , , , , , , , , , , , , , , 
 , , , , ,13.274300,0.007123,0.007123,13.281500 , , , , , , , , , , , , , , , , , 
 , , , , ,13.062500,0.007607,0.007607,13.070300 , , , , , , , , , , , , , , , , , 
 , , , , ,13.049500,0.006939,0.006939,13.056600 , , , , , , , , , , , , , , , , , 
 , , , , ,13.012200,0.010528,0.010528,13.022900 , , , , , , , , , , , , , , , , , 
 , , , , ,13.049500,0.006176,0.006176,13.055800 , , , , , , , , , , , , , , , , , 
 , , , , ,13.131300,0.013003,0.013003,13.144400 , , , , , , , , , , , , , , , , , 
 , , , , ,13.078200,0.012962,0.012962,13.091300 , , , , , , , , , , , , , , , , , 
 , , , , ,13.047100,0.007975,0.007975,13.055200 , , , , , , , , , , , , , , , , , 
 , , , , ,13.013900,0.006217,0.006217,13.020300 , , , , , , , , , , , , , , , , , 
 , , , , ,13.148800,0.011703,0.011703,13.160700 , , , , , , , , , , , , , , , , , 
 , , , , ,13.342400,0.007017,0.007017,13.349500 , , , , , , , , , , , , , , , , , 
 , , , , ,13.145200,0.006414,0.006414,13.151800 , , , , , , , , , , , , , , , , , 
 , , , , ,13.189600,0.006320,0.006320,13.196100 , , , , , , , , , , , , , , , , , 
 , , , , , , , , , , , , 
 , , , , , , , , , , , , 
MPI Processes,Nodes,Processes per Node,OpenMP Threads per process,Floating Point Ops,Distribution Time,SpMV Time,SpMV with Reduction Time,Total Time, ,Best Distribution Time,Best SpMV Time,Best SpMV with Reduction Time,Best Total Time,Best GFlops,,Worst Distribution Time,Worst SpMV Time,Worst SpMV with Reduction Time,Worst Total Time,Worst GFlops, ,Avg Distribution Time,Avg SpMV Time,Avg SpMV with Reduction Time,Avg Total Time,Avg GFlops
1, ,1,18,28715634,13.189800,0.008848,0.008848,13.198800, ,12.976300,0.006009,0.006009,13.198800,9.558098, ,13.431200,0.015575,0.015575,13.439000,3.687353, ,13.132071,0.008752,0.008752,13.140962,6.561810
 , , , , ,13.088000,0.009213,0.009213,13.097300 , , , , , , , , , , , , , , , , , 
 , , , , ,13.035100,0.006009,0.006009,13.041300 , , , , , , , , , , , , , , , , , 
 , , , , ,13.105700,0.008701,0.008701,13.114600 , , , , , , , , , , , , , , , , , 
 , , , , ,13.061300,0.008769,0.008769,13.070200 , , , , , , , , , , , , , , , , , 
 , , , , ,12.976300,0.008763,0.008763,12.985200 , , , , , , , , , , , , , , , , , 
 , , , , ,13.183000,0.006252,0.006252,13.189400 , , , , , , , , , , , , , , , , , 
 , , , , ,13.080300,0.007412,0.007412,13.087800 , , , , , , , , , , , , , , , , , 
 , , , , ,13.189200,0.012927,0.012927,13.202200 , , , , , , , , , , , , , , , , , 
 , , , , ,13.017700,0.006402,0.006402,13.024200 , , , , , , , , , , , , , , , , , 
 , , , , ,13.037000,0.009858,0.009858,13.047000 , , , , , , , , , , , , , , , , , 
 , , , , ,13.076400,0.011566,0.011566,13.088100 , , , , , , , , , , , , , , , , , 
 , , , , ,13.087000,0.008772,0.008772,13.095900 , , , , , , , , , , , , , , , , , 
 , , , , ,13.059000,0.009987,0.009987,13.069100 , , , , , , , , , , , , , , , , , 
 , , , , ,13.202000,0.006245,0.006245,13.208400 , , , , , , , , , , , , , , , , , 
 , , , , ,13.431200,0.007603,0.007603,13.439000 , , , , , , , , , , , , , , , , , 
 , , , , ,13.263700,0.006258,0.006258,13.270100 , , , , , , , , , , , , , , , , , 
 , , , , ,13.201900,0.007098,0.007098,13.209200 , , , , , , , , , , , , , , , , , 
 , , , , ,13.059000,0.015575,0.015575,13.074700 , , , , , , , , , , , , , , , , , 
 , , , , ,13.189100,0.008609,0.008609,13.197800 , , , , , , , , , , , , , , , , , 
 , , , , ,13.240800,0.008931,0.008931,13.249900 , , , , , , , , , , , , , , , , , 
 , , , , , , , , , , , , 
 , , , , , , , , , , , , 
MPI Processes,Nodes,Processes per Node,OpenMP Threads per process,Floating Point Ops,Distribution Time,SpMV Time,SpMV with Reduction Time,Total Time, ,Best Distribution Time,Best SpMV Time,Best SpMV with Reduction Time,Best Total Time,Best GFlops,,Worst Distribution Time,Worst SpMV Time,Worst SpMV with Reduction Time,Worst Total Time,Worst GFlops, ,Avg Distribution Time,Avg SpMV Time,Avg SpMV with Reduction Time,Avg Total Time,Avg GFlops
1, ,1,19,28715634,13.033300,0.013606,0.013606,13.047100, ,13.004700,0.005882,0.005882,13.047100,9.764001, ,13.324500,0.015572,0.015572,13.331900,3.687993, ,13.111124,0.011378,0.011378,13.122652,5.047417
 , , , , ,13.092000,0.015065,0.015065,13.107200 , , , , , , , , , , , , , , , , , 
 , , , , ,13.117300,0.014375,0.014375,13.131900 , , , , , , , , , , , , , , , , , 
 , , , , ,13.324500,0.007269,0.007269,13.331900 , , , , , , , , , , , , , , , , , 
 , , , , ,13.146600,0.010219,0.010219,13.157000 , , , , , , , , , , , , , , , , , 
 , , , , ,13.004700,0.008429,0.008429,13.013200 , , , , , , , , , , , , , , , , , 
 , , , , ,13.247300,0.015572,0.015572,13.263000 , , , , , , , , , , , , , , , , , 
 , , , , ,13.037500,0.009828,0.009828,13.047500 , , , , , , , , , , , , , , , , , 
 , , , , ,13.097100,0.014572,0.014572,13.111900 , , , , , , , , , , , , , , , , , 
 , , , , ,13.015200,0.014701,0.014701,13.030100 , , , , , , , , , , , , , , , , , 
 , , , , ,13.261500,0.009919,0.009919,13.271600 , , , , , , , , , , , , , , , , , 
 , , , , ,13.030100,0.011118,0.011118,13.041300 , , , , , , , , , , , , , , , , , 
 , , , , ,13.062500,0.005882,0.005882,13.068600 , , , , , , , , , , , , , , , , , 
 , , , , ,13.119100,0.008091,0.008091,13.127300 , , , , , , , , , , , , , , , , , 
 , , , , ,13.084400,0.011190,0.011190,13.095700 , , , , , , , , , , , , , , , , , 
 , , , , ,13.206400,0.009925,0.009925,13.216500 , , , , , , , , , , , , , , , , , 
 , , , , ,13.216000,0.014557,0.014557,13.230700 , , , , , , , , , , , , , , , , , 
 , , , , ,13.004900,0.012474,0.012474,13.017500 , , , , , , , , , , , , , , , , , 
 , , , , ,13.097900,0.011134,0.011134,13.109100 , , , , , , , , , , , , , , , , , 
 , , , , ,13.110900,0.006386,0.006386,13.117400 , , , , , , , , , , , , , , , , , 
 , , , , ,13.024400,0.014633,0.014633,13.039200 , , , , , , , , , , , , , , , , , 
 , , , , , , , , , , , , 
 , , , , , , , , , , , , 
MPI Processes,Nodes,Processes per Node,OpenMP Threads per process,Floating Point Ops,Distribution Time,SpMV Time,SpMV with Reduction Time,Total Time, ,Best Distribution Time,Best SpMV Time,Best SpMV with Reduction Time,Best Total Time,Best GFlops,,Worst Distribution Time,Worst SpMV Time,Worst SpMV with Reduction Time,Worst Total Time,Worst GFlops, ,Avg Distribution Time,Avg SpMV Time,Avg SpMV with Reduction Time,Avg Total Time,Avg GFlops
1, ,1,20,28715634,13.168800,0.013227,0.013227,13.182200, ,12.990900,0.005940,0.005940,13.182200,9.669019, ,14.424300,0.015424,0.015424,14.437800,3.723500, ,13.193143,0.011105,0.011105,13.204386,5.171744
 , , , , ,13.159900,0.015115,0.015115,13.175100 , , , , , , , , , , , , , , , , , 
 , , , , ,13.063700,0.005940,0.005940,13.069800 , , , , , , , , , , , , , , , , , 
 , , , , ,14.424300,0.013335,0.013335,14.437800 , , , , , , , , , , , , , , , , , 
 , , , , ,13.034300,0.009502,0.009502,13.043900 , , , , , , , , , , , , , , , , , 
 , , , , ,13.124800,0.010817,0.010817,13.135800 , , , , , , , , , , , , , , , , , 
 , , , , ,12.990900,0.010838,0.010838,13.001900 , , , , , , , , , , , , , , , , , 
 , , , , ,13.071300,0.009923,0.009923,13.081300 , , , , , , , , , , , , , , , , , 
 , , , , ,13.030100,0.015424,0.015424,13.045700 , , , , , , , , , , , , , , , , , 
 , , , , ,13.165300,0.014431,0.014431,13.179900 , , , , , , , , , , , , , , , , , 
 , , , , ,13.206200,0.011002,0.011002,13.217300 , , , , , , , , , , , , , , , , , 
 , , , , ,13.028900,0.006881,0.006881,13.036000 , , , , , , , , , , , , , , , , , 
 , , , , ,13.169500,0.015316,0.015316,13.184900 , , , , , , , , , , , , , , , , , 
 , , , , ,13.190900,0.008444,0.008444,13.199500 , , , , , , , , , , , , , , , , , 
 , , , , ,13.235800,0.010430,0.010430,13.246300 , , , , , , , , , , , , , , , , , 
 , , , , ,13.281200,0.015226,0.015226,13.296600 , , , , , , , , , , , , , , , , , 
 , , , , ,13.221400,0.008413,0.008413,13.229900 , , , , , , , , , , , , , , , , , 
 , , , , ,13.059900,0.007577,0.007577,13.067600 , , , , , , , , , , , , , , , , , 
 , , , , ,13.170800,0.009648,0.009648,13.180600 , , , , , , , , , , , , , , , , , 
 , , , , ,13.182000,0.012150,0.012150,13.194300 , , , , , , , , , , , , , , , , , 
 , , , , ,13.076000,0.009561,0.009561,13.085700 , , , , , , , , , , , , , , , , , 
 , , , , , , , , , , , , 
 , , , , , , , , , , , , 
MPI Processes,Nodes,Processes per Node,OpenMP Threads per process,Floating Point Ops,Distribution Time,SpMV Time,SpMV with Reduction Time,Total Time, ,Best Distribution Time,Best SpMV Time,Best SpMV with Reduction Time,Best Total Time,Best GFlops,,Worst Distribution Time,Worst SpMV Time,Worst SpMV with Reduction Time,Worst Total Time,Worst GFlops, ,Avg Distribution Time,Avg SpMV Time,Avg SpMV with Reduction Time,Avg Total Time,Avg GFlops
1, ,1,21,28715634,13.146400,0.010751,0.010751,13.157200, ,13.012700,0.005748,0.005748,13.157200,9.991087, ,14.589100,0.015999,0.015999,14.599200,3.589656, ,13.223505,0.010762,0.010762,13.234390,5.336483
 , , , , ,13.256500,0.007340,0.007340,13.264000 , , , , , , , , , , , , , , , , , 
 , , , , ,13.242100,0.009532,0.009532,13.251700 , , , , , , , , , , , , , , , , , 
 , , , , ,14.589100,0.010004,0.010004,14.599200 , , , , , , , , , , , , , , , , , 
 , , , , ,13.012700,0.011620,0.011620,13.024500 , , , , , , , , , , , , , , , , , 
 , , , , ,13.037200,0.015702,0.015702,13.053100 , , , , , , , , , , , , , , , , , 
 , , , , ,13.224800,0.013049,0.013049,13.238000 , , , , , , , , , , , , , , , , , 
 , , , , ,13.141400,0.006853,0.006853,13.148400 , , , , , , , , , , , , , , , , , 
 , , , , ,13.086700,0.010459,0.010459,13.097300 , , , , , , , , , , , , , , , , , 
 , , , , ,13.182700,0.005835,0.005835,13.188600 , , , , , , , , , , , , , , , , , 
 , , , , ,13.068400,0.013797,0.013797,13.082300 , , , , , , , , , , , , , , , , , 
 , , , , ,13.086500,0.011844,0.011844,13.098500 , , , , , , , , , , , , , , , , , 
 , , , , ,13.116800,0.009338,0.009338,13.126300 , , , , , , , , , , , , , , , , , 
 , , , , ,13.200700,0.010630,0.010630,13.211400 , , , , , , , , , , , , , , , , , 
 , , , , ,13.051500,0.012917,0.012917,13.064500 , , , , , , , , , , , , , , , , , 
 , , , , ,13.046000,0.015999,0.015999,13.062100 , , , , , , , , , , , , , , , , , 
 , , , , ,13.019700,0.010579,0.010579,13.030400 , , , , , , , , , , , , , , , , , 
 , , , , ,13.458900,0.011878,0.011878,13.470900 , , , , , , , , , , , , , , , , , 
 , , , , ,13.136800,0.012277,0.012277,13.149200 , , , , , , , , , , , , , , , , , 
 , , , , ,13.152000,0.005748,0.005748,13.157900 , , , , , , , , , , , , , , , , , 
 , , , , ,13.436700,0.009849,0.009849,13.446700 , , , , , , , , , , , , , , , , , 
 , , , , , , , , , , , , 
 , , , , , , , , , , , , 
MPI Processes,Nodes,Processes per Node,OpenMP Threads per process,Floating Point Ops,Distribution Time,SpMV Time,SpMV with Reduction Time,Total Time, ,Best Distribution Time,Best SpMV Time,Best SpMV with Reduction Time,Best Total Time,Best GFlops,,Worst Distribution Time,Worst SpMV Time,Worst SpMV with Reduction Time,Worst Total Time,Worst GFlops, ,Avg Distribution Time,Avg SpMV Time,Avg SpMV with Reduction Time,Avg Total Time,Avg GFlops
1, ,1,22,28715634,12.992700,0.014357,0.014357,13.007100, ,12.992700,0.005513,0.005513,13.007100,10.416972, ,13.423900,0.016523,0.016523,13.429600,3.475838, ,13.161624,0.010249,0.010249,13.172010,5.603859
 , , , , ,13.184400,0.008537,0.008537,13.193100 , , , , , , , , , , , , , , , , , 
 , , , , ,13.259500,0.013833,0.013833,13.273500 , , , , , , , , , , , , , , , , , 
 , , , , ,13.208200,0.015792,0.015792,13.224100 , , , , , , , , , , , , , , , , , 
 , , , , ,13.285900,0.013642,0.013642,13.299700 , , , , , , , , , , , , , , , , , 
 , , , , ,13.122300,0.011224,0.011224,13.133600 , , , , , , , , , , , , , , , , , 
 , , , , ,13.168500,0.007834,0.007834,13.176500 , , , , , , , , , , , , , , , , , 
 , , , , ,13.280900,0.005773,0.005773,13.286800 , , , , , , , , , , , , , , , , , 
 , , , , ,13.026400,0.005684,0.005684,13.032200 , , , , , , , , , , , , , , , , , 
 , , , , ,13.212900,0.012800,0.012800,13.225800 , , , , , , , , , , , , , , , , , 
 , , , , ,13.051000,0.011288,0.011288,13.062500 , , , , , , , , , , , , , , , , , 
 , , , , ,13.101000,0.016523,0.016523,13.117600 , , , , , , , , , , , , , , , , , 
 , , , , ,12.999500,0.012638,0.012638,13.012300 , , , , , , , , , , , , , , , , , 
 , , , , ,13.161600,0.009039,0.009039,13.170800 , , , , , , , , , , , , , , , , , 
 , , , , ,13.065700,0.006562,0.006562,13.072400 , , , , , , , , , , , , , , , , , 
 , , , , ,13.093900,0.011740,0.011740,13.105800 , , , , , , , , , , , , , , , , , 
 , , , , ,13.423900,0.005513,0.005513,13.429600 , , , , , , , , , , , , , , , , , 
 , , , , ,13.188100,0.010000,0.010000,13.198200 , , , , , , , , , , , , , , , , , 
 , , , , ,13.038200,0.005947,0.005947,13.044300 , , , , , , , , , , , , , , , , , 
 , , , , ,13.409100,0.005896,0.005896,13.415100 , , , , , , , , , , , , , , , , , 
 , , , , ,13.120400,0.010598,0.010598,13.131200 , , , , , , , , , , , , , , , , , 
 , , , , , , , , , , , , 
 , , , , , , , , , , , , 
MPI Processes,Nodes,Processes per Node,OpenMP Threads per process,Floating Point Ops,Distribution Time,SpMV Time,SpMV with Reduction Time,Total Time, ,Best Distribution Time,Best SpMV Time,Best SpMV with Reduction Time,Best Total Time,Best GFlops,,Worst Distribution Time,Worst SpMV Time,Worst SpMV with Reduction Time,Worst Total Time,Worst GFlops, ,Avg Distribution Time,Avg SpMV Time,Avg SpMV with Reduction Time,Avg Total Time,Avg GFlops
1, ,1,23,28715634,13.271500,0.006170,0.006170,13.277800, ,13.033800,0.005747,0.005747,13.277800,9.992826, ,13.965400,0.016370,0.016370,13.981900,3.508217, ,13.164410,0.011607,0.011607,13.176162,4.947981
 , , , , ,13.073100,0.010542,0.010542,13.083800 , , , , , , , , , , , , , , , , , 
 , , , , ,13.086500,0.009509,0.009509,13.096100 , , , , , , , , , , , , , , , , , 
 , , , , ,13.143300,0.013340,0.013340,13.156800 , , , , , , , , , , , , , , , , , 
 , , , , ,13.172500,0.014351,0.014351,13.187000 , , , , , , , , , , , , , , , , , 
 , , , , ,13.209700,0.010188,0.010188,13.220000 , , , , , , , , , , , , , , , , , 
 , , , , ,13.063000,0.012210,0.012210,13.075300 , , , , , , , , , , , , , , , , , 
 , , , , ,13.123000,0.014034,0.014034,13.137200 , , , , , , , , , , , , , , , , , 
 , , , , ,13.100700,0.011026,0.011026,13.111900 , , , , , , , , , , , , , , , , , 
 , , , , ,13.219300,0.014275,0.014275,13.233700 , , , , , , , , , , , , , , , , , 
 , , , , ,13.120200,0.010155,0.010155,13.130500 , , , , , , , , , , , , , , , , , 
 , , , , ,13.055500,0.011090,0.011090,13.066800 , , , , , , , , , , , , , , , , , 
 , , , , ,13.965400,0.016370,0.016370,13.981900 , , , , , , , , , , , , , , , , , 
 , , , , ,13.065300,0.012090,0.012090,13.077500 , , , , , , , , , , , , , , , , , 
 , , , , ,13.033800,0.007648,0.007648,13.041600 , , , , , , , , , , , , , , , , , 
 , , , , ,13.079400,0.016140,0.016140,13.095700 , , , , , , , , , , , , , , , , , 
 , , , , ,13.087400,0.006187,0.006187,13.093700 , , , , , , , , , , , , , , , , , 
 , , , , ,13.041000,0.014908,0.014908,13.056100 , , , , , , , , , , , , , , , , , 
 , , , , ,13.047900,0.005747,0.005747,13.053800 , , , , , , , , , , , , , , , , , 
 , , , , ,13.212300,0.012265,0.012265,13.224700 , , , , , , , , , , , , , , , , , 
 , , , , ,13.281800,0.015501,0.015501,13.297500 , , , , , , , , , , , , , , , , , 
 , , , , , , , , , , , , 
 , , , , , , , , , , , , 
MPI Processes,Nodes,Processes per Node,OpenMP Threads per process,Floating Point Ops,Distribution Time,SpMV Time,SpMV with Reduction Time,Total Time, ,Best Distribution Time,Best SpMV Time,Best SpMV with Reduction Time,Best Total Time,Best GFlops,,Worst Distribution Time,Worst SpMV Time,Worst SpMV with Reduction Time,Worst Total Time,Worst GFlops, ,Avg Distribution Time,Avg SpMV Time,Avg SpMV with Reduction Time,Avg Total Time,Avg GFlops
1, ,1,24,28715634,13.298700,0.018539,0.018539,13.317400, ,13.025100,0.005620,0.005620,13.317400,10.219614, ,13.591100,0.018539,0.018539,13.603000,3.097912, ,13.163276,0.010499,0.010499,13.173890,5.470345
 , , , , ,13.062400,0.006282,0.006282,13.068800 , , , , , , , , , , , , , , , , , 
 , , , , ,13.089700,0.013983,0.013983,13.103800 , , , , , , , , , , , , , , , , , 
 , , , , ,13.498300,0.015975,0.015975,13.514400 , , , , , , , , , , , , , , , , , 
 , , , , ,13.214200,0.005852,0.005852,13.220200 , , , , , , , , , , , , , , , , , 
 , , , , ,13.043900,0.009750,0.009750,13.053700 , , , , , , , , , , , , , , , , , 
 , , , , ,13.082400,0.005798,0.005798,13.088400 , , , , , , , , , , , , , , , , , 
 , , , , ,13.135700,0.015621,0.015621,13.151400 , , , , , , , , , , , , , , , , , 
 , , , , ,13.076100,0.006381,0.006381,13.082600 , , , , , , , , , , , , , , , , , 
 , , , , ,13.025100,0.006992,0.006992,13.032200 , , , , , , , , , , , , , , , , , 
 , , , , ,13.059600,0.007698,0.007698,13.067400 , , , , , , , , , , , , , , , , , 
 , , , , ,13.049200,0.016425,0.016425,13.065700 , , , , , , , , , , , , , , , , , 
 , , , , ,13.355100,0.010084,0.010084,13.365300 , , , , , , , , , , , , , , , , , 
 , , , , ,13.077400,0.005620,0.005620,13.083100 , , , , , , , , , , , , , , , , , 
 , , , , ,13.135100,0.016603,0.016603,13.151800 , , , , , , , , , , , , , , , , , 
 , , , , ,13.054300,0.016659,0.016659,13.071100 , , , , , , , , , , , , , , , , , 
 , , , , ,13.073700,0.006056,0.006056,13.079900 , , , , , , , , , , , , , , , , , 
 , , , , ,13.235700,0.006143,0.006143,13.242000 , , , , , , , , , , , , , , , , , 
 , , , , ,13.113700,0.005857,0.005857,13.119600 , , , , , , , , , , , , , , , , , 
 , , , , ,13.157400,0.012389,0.012389,13.169900 , , , , , , , , , , , , , , , , , 
 , , , , ,13.591100,0.011763,0.011763,13.603000 , , , , , , , , , , , , , , , , , 
 , , , , , , , , , , , , 
 , , , , , , , , , , , , 
MPI Processes,Nodes,Processes per Node,OpenMP Threads per process,Floating Point Ops,Distribution Time,SpMV Time,SpMV with Reduction Time,Total Time, ,Best Distribution Time,Best SpMV Time,Best SpMV with Reduction Time,Best Total Time,Best GFlops,,Worst Distribution Time,Worst SpMV Time,Worst SpMV with Reduction Time,Worst Total Time,Worst GFlops, ,Avg Distribution Time,Avg SpMV Time,Avg SpMV with Reduction Time,Avg Total Time,Avg GFlops
1, ,1,25,28715634,13.034500,0.013662,0.013662,13.048300, ,12.975100,0.005803,0.005803,13.048300,9.896363, ,13.326300,0.017145,0.017145,13.338200,3.349758, ,13.135867,0.010622,0.010622,13.146619,5.406833
 , , , , ,13.198700,0.010533,0.010533,13.209400 , , , , , , , , , , , , , , , , , 
 , , , , ,13.324500,0.010722,0.010722,13.335400 , , , , , , , , , , , , , , , , , 
 , , , , ,13.067100,0.017145,0.017145,13.084400 , , , , , , , , , , , , , , , , , 
 , , , , ,13.326300,0.011713,0.011713,13.338200 , , , , , , , , , , , , , , , , , 
 , , , , ,13.073800,0.010656,0.010656,13.084600 , , , , , , , , , , , , , , , , , 
 , , , , ,13.042400,0.005864,0.005864,13.048400 , , , , , , , , , , , , , , , , , 
 , , , , ,13.282400,0.006041,0.006041,13.288500 , , , , , , , , , , , , , , , , , 
 , , , , ,13.215900,0.006093,0.006093,13.222100 , , , , , , , , , , , , , , , , , 
 , , , , ,13.047800,0.005866,0.005866,13.053800 , , , , , , , , , , , , , , , , , 
 , , , , ,13.145300,0.005803,0.005803,13.151200 , , , , , , , , , , , , , , , , , 
 , , , , ,13.077100,0.016355,0.016355,13.093600 , , , , , , , , , , , , , , , , , 
 , , , , ,13.062000,0.016990,0.016990,13.079100 , , , , , , , , , , , , , , , , , 
 , , , , ,13.110500,0.014273,0.014273,13.124900 , , , , , , , , , , , , , , , , , 
 , , , , ,13.046600,0.006127,0.006127,13.052800 , , , , , , , , , , , , , , , , , 
 , , , , ,13.225700,0.005906,0.005906,13.231700 , , , , , , , , , , , , , , , , , 
 , , , , ,13.115500,0.016855,0.016855,13.132500 , , , , , , , , , , , , , , , , , 
 , , , , ,12.975100,0.006132,0.006132,12.981300 , , , , , , , , , , , , , , , , , 
 , , , , ,13.157500,0.011725,0.011725,13.169400 , , , , , , , , , , , , , , , , , 
 , , , , ,13.324100,0.013858,0.013858,13.338100 , , , , , , , , , , , , , , , , , 
 , , , , ,13.000400,0.010743,0.010743,13.011300 , , , , , , , , , , , , , , , , , 
 , , , , , , , , , , , , 
 , , , , , , , , , , , , 
MPI Processes,Nodes,Processes per Node,OpenMP Threads per process,Floating Point Ops,Distribution Time,SpMV Time,SpMV with Reduction Time,Total Time, ,Best Distribution Time,Best SpMV Time,Best SpMV with Reduction Time,Best Total Time,Best GFlops,,Worst Distribution Time,Worst SpMV Time,Worst SpMV with Reduction Time,Worst Total Time,Worst GFlops, ,Avg Distribution Time,Avg SpMV Time,Avg SpMV with Reduction Time,Avg Total Time,Avg GFlops
1, ,1,26,28715634,13.050800,0.008220,0.008220,13.059100, ,13.016700,0.005733,0.005733,13.059100,10.018066, ,13.278900,0.017667,0.017667,13.296100,3.250728, ,13.123905,0.012927,0.012927,13.136971,4.442612
 , , , , ,13.092400,0.017302,0.017302,13.109900 , , , , , , , , , , , , , , , , , 
 , , , , ,13.197800,0.011113,0.011113,13.209100 , , , , , , , , , , , , , , , , , 
 , , , , ,13.136100,0.017583,0.017583,13.153800 , , , , , , , , , , , , , , , , , 
 , , , , ,13.089800,0.012755,0.012755,13.102700 , , , , , , , , , , , , , , , , , 
 , , , , ,13.190200,0.011311,0.011311,13.201700 , , , , , , , , , , , , , , , , , 
 , , , , ,13.128000,0.011089,0.011089,13.139200 , , , , , , , , , , , , , , , , , 
 , , , , ,13.099400,0.008451,0.008451,13.108000 , , , , , , , , , , , , , , , , , 
 , , , , ,13.117400,0.012981,0.012981,13.130500 , , , , , , , , , , , , , , , , , 
 , , , , ,13.207500,0.008529,0.008529,13.216200 , , , , , , , , , , , , , , , , , 
 , , , , ,13.145300,0.017366,0.017366,13.162800 , , , , , , , , , , , , , , , , , 
 , , , , ,13.157100,0.012216,0.012216,13.169500 , , , , , , , , , , , , , , , , , 
 , , , , ,13.278900,0.017054,0.017054,13.296100 , , , , , , , , , , , , , , , , , 
 , , , , ,13.044900,0.014188,0.014188,13.059200 , , , , , , , , , , , , , , , , , 
 , , , , ,13.016700,0.017587,0.017587,13.034400 , , , , , , , , , , , , , , , , , 
 , , , , ,13.096200,0.008650,0.008650,13.105000 , , , , , , , , , , , , , , , , , 
 , , , , ,13.140500,0.010229,0.010229,13.150800 , , , , , , , , , , , , , , , , , 
 , , , , ,13.057300,0.014200,0.014200,13.071700 , , , , , , , , , , , , , , , , , 
 , , , , ,13.061400,0.005733,0.005733,13.067200 , , , , , , , , , , , , , , , , , 
 , , , , ,13.054800,0.017251,0.017251,13.072200 , , , , , , , , , , , , , , , , , 
 , , , , ,13.239500,0.017667,0.017667,13.257300 , , , , , , , , , , , , , , , , , 
 , , , , , , , , , , , , 
 , , , , , , , , , , , , 
MPI Processes,Nodes,Processes per Node,OpenMP Threads per process,Floating Point Ops,Distribution Time,SpMV Time,SpMV with Reduction Time,Total Time, ,Best Distribution Time,Best SpMV Time,Best SpMV with Reduction Time,Best Total Time,Best GFlops,,Worst Distribution Time,Worst SpMV Time,Worst SpMV with Reduction Time,Worst Total Time,Worst GFlops, ,Avg Distribution Time,Avg SpMV Time,Avg SpMV with Reduction Time,Avg Total Time,Avg GFlops
1, ,1,27,28715634,13.028200,0.011039,0.011039,13.039300, ,13.009200,0.005662,0.005662,13.039300,10.143892, ,13.875700,0.017994,0.017994,13.882000,3.191637, ,13.180338,0.011733,0.011733,13.192205,4.894816
 , , , , ,13.875700,0.006142,0.006142,13.882000 , , , , , , , , , , , , , , , , , 
 , , , , ,13.130600,0.014704,0.014704,13.145500 , , , , , , , , , , , , , , , , , 
 , , , , ,13.049300,0.006162,0.006162,13.055600 , , , , , , , , , , , , , , , , , 
 , , , , ,13.009200,0.014603,0.014603,13.024000 , , , , , , , , , , , , , , , , , 
 , , , , ,13.058300,0.017994,0.017994,13.076500 , , , , , , , , , , , , , , , , , 
 , , , , ,13.039900,0.016039,0.016039,13.056100 , , , , , , , , , , , , , , , , , 
 , , , , ,13.036900,0.007875,0.007875,13.045000 , , , , , , , , , , , , , , , , , 
 , , , , ,13.080700,0.017786,0.017786,13.098600 , , , , , , , , , , , , , , , , , 
 , , , , ,13.304300,0.010179,0.010179,13.314600 , , , , , , , , , , , , , , , , , 
 , , , , ,13.048700,0.013707,0.013707,13.062500 , , , , , , , , , , , , , , , , , 
 , , , , ,13.258700,0.005662,0.005662,13.264500 , , , , , , , , , , , , , , , , , 
 , , , , ,13.374600,0.014731,0.014731,13.389500 , , , , , , , , , , , , , , , , , 
 , , , , ,13.155200,0.017211,0.017211,13.172500 , , , , , , , , , , , , , , , , , 
 , , , , ,13.201900,0.017112,0.017112,13.219100 , , , , , , , , , , , , , , , , , 
 , , , , ,13.295700,0.005709,0.005709,13.301500 , , , , , , , , , , , , , , , , , 
 , , , , ,13.298000,0.014795,0.014795,13.312900 , , , , , , , , , , , , , , , , , 
 , , , , ,13.117100,0.006339,0.006339,13.123500 , , , , , , , , , , , , , , , , , 
 , , , , ,13.164500,0.010557,0.010557,13.175200 , , , , , , , , , , , , , , , , , 
 , , , , ,13.146300,0.006066,0.006066,13.152500 , , , , , , , , , , , , , , , , , 
 , , , , ,13.113300,0.011983,0.011983,13.125400 , , , , , , , , , , , , , , , , , 
 , , , , , , , , , , , , 
 , , , , , , , , , , , , 
MPI Processes,Nodes,Processes per Node,OpenMP Threads per process,Floating Point Ops,Distribution Time,SpMV Time,SpMV with Reduction Time,Total Time, ,Best Distribution Time,Best SpMV Time,Best SpMV with Reduction Time,Best Total Time,Best GFlops,,Worst Distribution Time,Worst SpMV Time,Worst SpMV with Reduction Time,Worst Total Time,Worst GFlops, ,Avg Distribution Time,Avg SpMV Time,Avg SpMV with Reduction Time,Avg Total Time,Avg GFlops
1, ,1,28,28715634,13.186000,0.005796,0.005796,13.192000, ,13.001600,0.005710,0.005710,13.192000,10.058597, ,13.582000,0.018402,0.018402,13.596300,3.120942, ,13.160400,0.011823,0.011823,13.172357,4.857790
 , , , , ,13.058500,0.012321,0.012321,13.071000 , , , , , , , , , , , , , , , , , 
 , , , , ,13.157300,0.005718,0.005718,13.163100 , , , , , , , , , , , , , , , , , 
 , , , , ,13.052700,0.007828,0.007828,13.060700 , , , , , , , , , , , , , , , , , 
 , , , , ,13.120400,0.011765,0.011765,13.132300 , , , , , , , , , , , , , , , , , 
 , , , , ,13.001600,0.018184,0.018184,13.019900 , , , , , , , , , , , , , , , , , 
 , , , , ,13.175200,0.018084,0.018084,13.193400 , , , , , , , , , , , , , , , , , 
 , , , , ,13.109700,0.014595,0.014595,13.124400 , , , , , , , , , , , , , , , , , 
 , , , , ,13.116700,0.014234,0.014234,13.131100 , , , , , , , , , , , , , , , , , 
 , , , , ,13.117600,0.015287,0.015287,13.133000 , , , , , , , , , , , , , , , , , 
 , , , , ,13.193900,0.005757,0.005757,13.199800 , , , , , , , , , , , , , , , , , 
 , , , , ,13.049300,0.012514,0.012514,13.061900 , , , , , , , , , , , , , , , , , 
 , , , , ,13.239600,0.010209,0.010209,13.249900 , , , , , , , , , , , , , , , , , 
 , , , , ,13.108600,0.016906,0.016906,13.125700 , , , , , , , , , , , , , , , , , 
 , , , , ,13.175600,0.005870,0.005870,13.181700 , , , , , , , , , , , , , , , , , 
 , , , , ,13.127700,0.005710,0.005710,13.133600 , , , , , , , , , , , , , , , , , 
 , , , , ,13.005700,0.009921,0.009921,13.015800 , , , , , , , , , , , , , , , , , 
 , , , , ,13.281200,0.015079,0.015079,13.296400 , , , , , , , , , , , , , , , , , 
 , , , , ,13.440200,0.018402,0.018402,13.458700 , , , , , , , , , , , , , , , , , 
 , , , , ,13.068900,0.009852,0.009852,13.078800 , , , , , , , , , , , , , , , , , 
 , , , , ,13.582000,0.014242,0.014242,13.596300 , , , , , , , , , , , , , , , , , 
 , , , , , , , , , , , , 
 , , , , , , , , , , , , 
MPI Processes,Nodes,Processes per Node,OpenMP Threads per process,Floating Point Ops,Distribution Time,SpMV Time,SpMV with Reduction Time,Total Time, ,Best Distribution Time,Best SpMV Time,Best SpMV with Reduction Time,Best Total Time,Best GFlops,,Worst Distribution Time,Worst SpMV Time,Worst SpMV with Reduction Time,Worst Total Time,Worst GFlops, ,Avg Distribution Time,Avg SpMV Time,Avg SpMV with Reduction Time,Avg Total Time,Avg GFlops
1, ,1,29,28715634,13.197500,0.010726,0.010726,13.208400, ,13.029300,0.005888,0.005888,13.208400,9.753852, ,13.217600,0.018504,0.018504,13.228600,3.103722, ,13.101771,0.013954,0.013954,13.115867,4.115874
 , , , , ,13.029300,0.006941,0.006941,13.036400 , , , , , , , , , , , , , , , , , 
 , , , , ,13.042400,0.018471,0.018471,13.061000 , , , , , , , , , , , , , , , , , 
 , , , , ,13.202100,0.014383,0.014383,13.216600 , , , , , , , , , , , , , , , , , 
 , , , , ,13.217600,0.008990,0.008990,13.226700 , , , , , , , , , , , , , , , , , 
 , , , , ,13.149500,0.013862,0.013862,13.163500 , , , , , , , , , , , , , , , , , 
 , , , , ,13.116600,0.013153,0.013153,13.129900 , , , , , , , , , , , , , , , , , 
 , , , , ,13.100800,0.018445,0.018445,13.119400 , , , , , , , , , , , , , , , , , 
 , , , , ,13.030400,0.017731,0.017731,13.048300 , , , , , , , , , , , , , , , , , 
 , , , , ,13.038100,0.018423,0.018423,13.056600 , , , , , , , , , , , , , , , , , 
 , , , , ,13.051400,0.010552,0.010552,13.062100 , , , , , , , , , , , , , , , , , 
 , , , , ,13.041400,0.008858,0.008858,13.050400 , , , , , , , , , , , , , , , , , 
 , , , , ,13.210100,0.018377,0.018377,13.228600 , , , , , , , , , , , , , , , , , 
 , , , , ,13.086100,0.018414,0.018414,13.104700 , , , , , , , , , , , , , , , , , 
 , , , , ,13.037400,0.005888,0.005888,13.043400 , , , , , , , , , , , , , , , , , 
 , , , , ,13.063400,0.018258,0.018258,13.081800 , , , , , , , , , , , , , , , , , 
 , , , , ,13.080500,0.014254,0.014254,13.094900 , , , , , , , , , , , , , , , , , 
 , , , , ,13.124700,0.008808,0.008808,13.133700 , , , , , , , , , , , , , , , , , 
 , , , , ,13.080600,0.018504,0.018504,13.099200 , , , , , , , , , , , , , , , , , 
 , , , , ,13.080300,0.015805,0.015805,13.096300 , , , , , , , , , , , , , , , , , 
 , , , , ,13.157000,0.014184,0.014184,13.171300 , , , , , , , , , , , , , , , , , 
 , , , , , , , , , , , , 
 , , , , , , , , , , , , 
MPI Processes,Nodes,Processes per Node,OpenMP Threads per process,Floating Point Ops,Distribution Time,SpMV Time,SpMV with Reduction Time,Total Time, ,Best Distribution Time,Best SpMV Time,Best SpMV with Reduction Time,Best Total Time,Best GFlops,,Worst Distribution Time,Worst SpMV Time,Worst SpMV with Reduction Time,Worst Total Time,Worst GFlops, ,Avg Distribution Time,Avg SpMV Time,Avg SpMV with Reduction Time,Avg Total Time,Avg GFlops
1, ,1,30,28715634,13.067600,0.006625,0.006625,13.074400, ,13.015100,0.005530,0.005530,13.074400,10.386115, ,13.233500,0.018499,0.018499,13.239300,3.104628, ,13.138562,0.011313,0.011313,13.150014,5.076361
 , , , , ,13.076300,0.018499,0.018499,13.095000 , , , , , , , , , , , , , , , , , 
 , , , , ,13.073400,0.005640,0.005640,13.079200 , , , , , , , , , , , , , , , , , 
 , , , , ,13.174200,0.005727,0.005727,13.180000 , , , , , , , , , , , , , , , , , 
 , , , , ,13.196800,0.005858,0.005858,13.202700 , , , , , , , , , , , , , , , , , 
 , , , , ,13.233500,0.005605,0.005605,13.239300 , , , , , , , , , , , , , , , , , 
 , , , , ,13.183800,0.010810,0.010810,13.194800 , , , , , , , , , , , , , , , , , 
 , , , , ,13.130000,0.016920,0.016920,13.147100 , , , , , , , , , , , , , , , , , 
 , , , , ,13.068300,0.010938,0.010938,13.079300 , , , , , , , , , , , , , , , , , 
 , , , , ,13.218100,0.018471,0.018471,13.236700 , , , , , , , , , , , , , , , , , 
 , , , , ,13.015100,0.016035,0.016035,13.031300 , , , , , , , , , , , , , , , , , 
 , , , , ,13.132400,0.013511,0.013511,13.146000 , , , , , , , , , , , , , , , , , 
 , , , , ,13.037500,0.005530,0.005530,13.043100 , , , , , , , , , , , , , , , , , 
 , , , , ,13.145500,0.015298,0.015298,13.160900 , , , , , , , , , , , , , , , , , 
 , , , , ,13.207900,0.005756,0.005756,13.213800 , , , , , , , , , , , , , , , , , 
 , , , , ,13.126300,0.018354,0.018354,13.144800 , , , , , , , , , , , , , , , , , 
 , , , , ,13.083900,0.005644,0.005644,13.089700 , , , , , , , , , , , , , , , , , 
 , , , , ,13.191300,0.006098,0.006098,13.197600 , , , , , , , , , , , , , , , , , 
 , , , , ,13.191500,0.011363,0.011363,13.203000 , , , , , , , , , , , , , , , , , 
 , , , , ,13.199700,0.016455,0.016455,13.216300 , , , , , , , , , , , , , , , , , 
 , , , , ,13.156700,0.018448,0.018448,13.175300 , , , , , , , , , , , , , , , , , 
 , , , , , , , , , , , , 
 , , , , , , , , , , , , 
MPI Processes,Nodes,Processes per Node,OpenMP Threads per process,Floating Point Ops,Distribution Time,SpMV Time,SpMV with Reduction Time,Total Time, ,Best Distribution Time,Best SpMV Time,Best SpMV with Reduction Time,Best Total Time,Best GFlops,,Worst Distribution Time,Worst SpMV Time,Worst SpMV with Reduction Time,Worst Total Time,Worst GFlops, ,Avg Distribution Time,Avg SpMV Time,Avg SpMV with Reduction Time,Avg Total Time,Avg GFlops
1, ,1,31,28715634,13.213000,0.018368,0.018368,13.231500, ,13.019400,0.005532,0.005532,13.231500,10.382059, ,14.779700,0.018368,0.018368,14.796100,3.126770, ,13.217171,0.011557,0.011557,13.228867,4.969412
 , , , , ,13.205300,0.006541,0.006541,13.212000 , , , , , , , , , , , , , , , , , 
 , , , , ,13.045100,0.005854,0.005854,13.051100 , , , , , , , , , , , , , , , , , 
 , , , , ,13.072100,0.005607,0.005607,13.077900 , , , , , , , , , , , , , , , , , 
 , , , , ,13.041200,0.010529,0.010529,13.051800 , , , , , , , , , , , , , , , , , 
 , , , , ,13.045400,0.015450,0.015450,13.061000 , , , , , , , , , , , , , , , , , 
 , , , , ,13.062700,0.015191,0.015191,13.078000 , , , , , , , , , , , , , , , , , 
 , , , , ,13.175700,0.010844,0.010844,13.186700 , , , , , , , , , , , , , , , , , 
 , , , , ,13.238100,0.014307,0.014307,13.252600 , , , , , , , , , , , , , , , , , 
 , , , , ,13.123000,0.007439,0.007439,13.130600 , , , , , , , , , , , , , , , , , 
 , , , , ,13.346700,0.007523,0.007523,13.354300 , , , , , , , , , , , , , , , , , 
 , , , , ,13.154100,0.005693,0.005693,13.160000 , , , , , , , , , , , , , , , , , 
 , , , , ,13.325000,0.014605,0.014605,13.339700 , , , , , , , , , , , , , , , , , 
 , , , , ,13.045700,0.005532,0.005532,13.051300 , , , , , , , , , , , , , , , , , 
 , , , , ,13.287700,0.017426,0.017426,13.305200 , , , , , , , , , , , , , , , , , 
 , , , , ,13.063200,0.010150,0.010150,13.073500 , , , , , , , , , , , , , , , , , 
 , , , , ,13.078800,0.018361,0.018361,13.097300 , , , , , , , , , , , , , , , , , 
 , , , , ,13.019400,0.017962,0.017962,13.037500 , , , , , , , , , , , , , , , , , 
 , , , , ,13.157300,0.005854,0.005854,13.163300 , , , , , , , , , , , , , , , , , 
 , , , , ,14.779700,0.016191,0.016191,14.796100 , , , , , , , , , , , , , , , , , 
 , , , , ,13.081400,0.013269,0.013269,13.094800 , , , , , , , , , , , , , , , , , 
 , , , , , , , , , , , , 
 , , , , , , , , , , , , 
MPI Processes,Nodes,Processes per Node,OpenMP Threads per process,Floating Point Ops,Distribution Time,SpMV Time,SpMV with Reduction Time,Total Time, ,Best Distribution Time,Best SpMV Time,Best SpMV with Reduction Time,Best Total Time,Best GFlops,,Worst Distribution Time,Worst SpMV Time,Worst SpMV with Reduction Time,Worst Total Time,Worst GFlops, ,Avg Distribution Time,Avg SpMV Time,Avg SpMV with Reduction Time,Avg Total Time,Avg GFlops
1, ,1,32,28715634,13.236800,0.014979,0.014979,13.252000, ,12.995600,0.005681,0.005681,13.252000,10.109306, ,13.660300,0.018469,0.018469,13.673800,3.109553, ,13.160071,0.011669,0.011669,13.171890,4.921489
 , , , , ,13.158600,0.009678,0.009678,13.168400 , , , , , , , , , , , , , , , , , 
 , , , , ,13.213400,0.016866,0.016866,13.230400 , , , , , , , , , , , , , , , , , 
 , , , , ,13.174500,0.018440,0.018440,13.193100 , , , , , , , , , , , , , , , , , 
 , , , , ,13.068600,0.015311,0.015311,13.084100 , , , , , , , , , , , , , , , , , 
 , , , , ,13.131800,0.015028,0.015028,13.147000 , , , , , , , , , , , , , , , , , 
 , , , , ,13.121800,0.006159,0.006159,13.128100 , , , , , , , , , , , , , , , , , 
 , , , , ,13.065300,0.015670,0.015670,13.081100 , , , , , , , , , , , , , , , , , 
 , , , , ,13.124700,0.006063,0.006063,13.130900 , , , , , , , , , , , , , , , , , 
 , , , , ,13.270400,0.005814,0.005814,13.276400 , , , , , , , , , , , , , , , , , 
 , , , , ,13.053600,0.010941,0.010941,13.064700 , , , , , , , , , , , , , , , , , 
 , , , , ,13.082500,0.008160,0.008160,13.090800 , , , , , , , , , , , , , , , , , 
 , , , , ,13.252000,0.010951,0.010951,13.263100 , , , , , , , , , , , , , , , , , 
 , , , , ,13.099400,0.008946,0.008946,13.108500 , , , , , , , , , , , , , , , , , 
 , , , , ,13.197600,0.018469,0.018469,13.216200 , , , , , , , , , , , , , , , , , 
 , , , , ,13.163800,0.008384,0.008384,13.172300 , , , , , , , , , , , , , , , , , 
 , , , , ,13.135400,0.014980,0.014980,13.150500 , , , , , , , , , , , , , , , , , 
 , , , , ,13.063600,0.005783,0.005783,13.069500 , , , , , , , , , , , , , , , , , 
 , , , , ,12.995600,0.015400,0.015400,13.011200 , , , , , , , , , , , , , , , , , 
 , , , , ,13.660300,0.013356,0.013356,13.673800 , , , , , , , , , , , , , , , , , 
 , , , , ,13.091800,0.005681,0.005681,13.097600 , , , , , , , , , , , , , , , , , 
 , , , , , , , , , , , , 
 , , , , , , , , , , , , 
 , , , , , , , , , , , , 
 , , , , , , , , , , , , 
 , , , , , , , , , , , , 
MPI Processes, Processes per Node, Threads per Process, ,Best Distribution Time, Best SpMV Time, Best SpMV and Reduction Time,Best Total Time, Best GFlops, ,Worst Distribution Time, Worst SpMV Time, Worst SpMV and Reduction Worst, Worst Total Time,Worst GFlops, ,Avg Distribution Time, Avg SpMV Time, Avg SpMV and Reduction Worst, Avg Total Time, Avg Total Time, Avg GFlops, ,Performance Range, Performance Ratio (Best/Worst), 
1.000000,1.000000,1.000000, ,13.014300,0.026763,0.026763,13.041300,2.145944, ,25.690300,0.027542,0.027542,25.717700,2.085225, ,13.737990,0.027072,0.027072,13.765190,2.121430, ,0.060719,1.029119, 
1.000000,1.000000,2.000000, ,13.034000,0.015626,0.015626,13.049800,3.675366, ,14.501000,0.016373,0.016373,14.517500,3.507789, ,13.248324,0.016032,0.016032,13.264495,3.582234, ,0.167577,1.047773, 
1.000000,1.000000,3.000000, ,13.043100,0.011022,0.011022,13.054400,5.210840, ,13.314800,0.011813,0.011813,13.326500,4.861906, ,13.175333,0.011451,0.011451,13.186910,5.015479, ,0.348933,1.071769, 
1.000000,1.000000,4.000000, ,13.019400,0.008706,0.008706,13.028300,6.597011, ,14.567700,0.010050,0.010050,14.577000,5.714440, ,13.228757,0.009004,0.009004,13.237881,6.378447, ,0.882571,1.154446, 
1.000000,1.000000,5.000000, ,13.014800,0.007370,0.007370,13.022300,7.793028, ,13.661800,0.007903,0.007903,13.669800,7.267315, ,13.211567,0.007608,0.007608,13.219300,7.548627, ,0.525713,1.072339, 
1.000000,1.000000,6.000000, ,13.028000,0.006305,0.006305,13.034500,9.108599, ,13.625400,0.006811,0.006811,13.632300,8.431590, ,13.143100,0.006466,0.006466,13.149705,8.882543, ,0.677010,1.080294, 
1.000000,1.000000,7.000000, ,13.027000,0.005693,0.005693,13.032800,10.087235, ,13.669400,0.006124,0.006124,13.675600,9.377957, ,13.173000,0.005794,0.005794,13.178924,9.911438, ,0.709277,1.075632, 
1.000000,1.000000,8.000000, ,12.992200,0.005251,0.005251,12.997700,10.937831, ,13.681500,0.005715,0.005715,13.687300,10.048530, ,13.187443,0.005434,0.005434,13.193005,10.568032, ,0.889301,1.088501, 
1.000000,1.000000,9.000000, ,13.033200,0.006242,0.006242,13.040600,9.200131, ,13.168100,0.008198,0.008198,13.175400,7.005163, ,13.095400,0.007348,0.007348,13.102876,7.816237, ,2.194968,1.313336, 
1.000000,1.000000,10.000000, ,12.992700,0.006891,0.006891,12.999900,8.334751, ,13.704000,0.007625,0.007625,13.711200,7.531989, ,13.189981,0.007121,0.007121,13.197233,8.064847, ,0.802762,1.106580, 
1.000000,1.000000,11.000000, ,13.020800,0.006685,0.006685,13.028400,8.591013, ,13.517300,0.007571,0.007571,13.524900,7.586112, ,13.180076,0.007370,0.007370,13.187586,7.792098, ,1.004901,1.132466, 
1.000000,1.000000,12.000000, ,13.014500,0.006228,0.006228,13.023500,9.220989, ,13.464900,0.009050,0.009050,13.474000,6.346228, ,13.186462,0.007948,0.007948,13.194543,7.226321, ,2.874761,1.452987, 
1.000000,1.000000,13.000000, ,13.000100,0.006072,0.006072,13.008700,9.458222, ,13.711500,0.010785,0.010785,13.720200,5.325353, ,13.183019,0.008226,0.008226,13.191381,6.981974, ,4.132869,1.776074, 
1.000000,1.000000,14.000000, ,13.013600,0.005715,0.005715,13.020500,10.049919, ,13.666900,0.011645,0.011645,13.673200,4.931924, ,13.160781,0.008469,0.008469,13.169390,6.781532, ,5.117995,2.037728, 
1.000000,1.000000,15.000000, ,13.027100,0.005573,0.005573,13.038200,10.305214, ,13.314100,0.012706,0.012706,13.325300,4.519976, ,13.142381,0.008372,0.008372,13.150876,6.860297, ,5.785238,2.279927, 
1.000000,1.000000,16.000000, ,13.027900,0.005410,0.005410,13.037400,10.615683, ,13.336400,0.013203,0.013203,13.342700,4.349832, ,13.151295,0.008414,0.008414,13.159829,6.825386, ,6.265851,2.440481, 
1.000000,1.000000,17.000000, ,13.007500,0.005842,0.005842,13.020300,9.831344, ,13.342400,0.013977,0.013977,13.349500,4.108866, ,13.116705,0.009125,0.009125,13.125967,6.294130, ,5.722477,2.392714, 
1.000000,1.000000,18.000000, ,12.976300,0.006009,0.006009,12.985200,9.558098, ,13.431200,0.015575,0.015575,13.439000,3.687353, ,13.132071,0.008752,0.008752,13.140962,6.561810, ,5.870745,2.592130, 
1.000000,1.000000,19.000000, ,13.004700,0.005882,0.005882,13.013200,9.764001, ,13.324500,0.015572,0.015572,13.331900,3.687993, ,13.111124,0.011378,0.011378,13.122652,5.047417, ,6.076008,2.647511, 
1.000000,1.000000,20.000000, ,12.990900,0.005940,0.005940,13.001900,9.669019, ,14.424300,0.015424,0.015424,14.437800,3.723500, ,13.193143,0.011105,0.011105,13.204386,5.171744, ,5.945519,2.596755, 
1.000000,1.000000,21.000000, ,13.012700,0.005748,0.005748,13.024500,9.991087, ,14.589100,0.015999,0.015999,14.599200,3.589656, ,13.223505,0.010762,0.010762,13.234390,5.336483, ,6.401431,2.783299, 
1.000000,1.000000,22.000000, ,12.992700,0.005513,0.005513,13.007100,10.416972, ,13.423900,0.016523,0.016523,13.429600,3.475838, ,13.161624,0.010249,0.010249,13.172010,5.603859, ,6.941134,2.996967, 
1.000000,1.000000,23.000000, ,13.033800,0.005747,0.005747,13.041600,9.992826, ,13.965400,0.016370,0.016370,13.981900,3.508217, ,13.164410,0.011607,0.011607,13.176162,4.947981, ,6.484609,2.848406, 
1.000000,1.000000,24.000000, ,13.025100,0.005620,0.005620,13.032200,10.219614, ,13.591100,0.018539,0.018539,13.603000,3.097912, ,13.163276,0.010499,0.010499,13.173890,5.470345, ,7.121702,3.298871, 
1.000000,1.000000,25.000000, ,12.975100,0.005803,0.005803,12.981300,9.896363, ,13.326300,0.017145,0.017145,13.338200,3.349758, ,13.135867,0.010622,0.010622,13.146619,5.406833, ,6.546605,2.954352, 
1.000000,1.000000,26.000000, ,13.016700,0.005733,0.005733,13.034400,10.018066, ,13.278900,0.017667,0.017667,13.296100,3.250728, ,13.123905,0.012927,0.012927,13.136971,4.442612, ,6.767338,3.081791, 
1.000000,1.000000,27.000000, ,13.009200,0.005662,0.005662,13.024000,10.143892, ,13.875700,0.017994,0.017994,13.882000,3.191637, ,13.180338,0.011733,0.011733,13.192205,4.894816, ,6.952255,3.178273, 
1.000000,1.000000,28.000000, ,13.001600,0.005710,0.005710,13.015800,10.058597, ,13.582000,0.018402,0.018402,13.596300,3.120942, ,13.160400,0.011823,0.011823,13.172357,4.857790, ,6.937654,3.222936, 
1.000000,1.000000,29.000000, ,13.029300,0.005888,0.005888,13.036400,9.753852, ,13.217600,0.018504,0.018504,13.228600,3.103722, ,13.101771,0.013954,0.013954,13.115867,4.115874, ,6.650131,3.142631, 
1.000000,1.000000,30.000000, ,13.015100,0.005530,0.005530,13.031300,10.386115, ,13.233500,0.018499,0.018499,13.239300,3.104628, ,13.138562,0.011313,0.011313,13.150014,5.076361, ,7.281487,3.345366, 
1.000000,1.000000,31.000000, ,13.019400,0.005532,0.005532,13.037500,10.382059, ,14.779700,0.018368,0.018368,14.796100,3.126770, ,13.217171,0.011557,0.011557,13.228867,4.969412, ,7.255289,3.320378, 
1.000000,1.000000,32.000000, ,12.995600,0.005681,0.005681,13.011200,10.109306, ,13.660300,0.018469,0.018469,13.673800,3.109553, ,13.160071,0.011669,0.011669,13.171890,4.921489, ,6.999752,3.251048, 
